nome,cpf,idade,rua,numero_casa,bairro,sigla_estado,data_nascimento
Sr. Vitor Gabriel Silva,640***.***.***-01,91.0,Trevo Emanuel Silva, 482, Vila Tirol,RO,1933-12-06
Calebe Santos,651***.***.***-46,40.0,Recanto Moraes, 7, Ernesto Nascimento,RJ,1984-03-06
Evelyn Pires,107***.***.***-90,80.0,Travessa de Caldeira, 237, Santa Terezinha,SE,1944-03-09
Maria Julia Castro,164***.***.***-43,77.0,Residencial de Pereira, 20, Jatobá,PE,1947-04-12
Arthur Da Rosa,085***.***.***-30,54.0,Parque Almeida, 66, Vila Suzana Segunda Seção,SC,1970-04-16
Juan Pereira,520***.***.***-21,69.0,Rodovia de Pereira, 51, Estrela,RJ,1955-10-25
Dra. Ana Laura Ribeiro,210***.***.***-20,70.0,Esplanada Lavínia Ramos, São Francisco, 39467-536 da Mata / SP,DF,1954-05-09
Maria Clara Araújo,960***.***.***-80,41.0,Praça Cavalcanti, 65, Conjunto Celso Machado,PR,1983-03-14
Vitória Oliveira,302***.***.***-83,31.0,Esplanada Monteiro, 88, Conjunto Paulo Vi,RR,1993-03-10
Benjamin Oliveira,451***.***.***-84,50.0,Ladeira Monteiro, 57, Vila Primeiro De Maio,AC,1974-05-16
Pietro Barros,843***.***.***-50,52.0,Recanto Luiz Miguel Jesus, 35, Vila Aeroporto Jaraguá,MG,1972-08-19
Samuel Cavalcanti,520***.***.***-01,90.0,Ladeira de Porto, 38, Nova America,RR,1934-11-26
Ian Da Costa,384***.***.***-78,24.0,Via de Jesus, 57, Vila Da Amizade,GO,2001-01-21
Dr. Emanuel Costa,736***.***.***-19,55.0,Lago Castro, 94, Mariano De Abreu,GO,1969-03-09
Larissa Da Cruz,128***.***.***-60,84.0,Setor Isadora da Rosa, 583, Chácara Leonina,MS,1940-11-22
Diogo Carvalho,078***.***.***-97,83.0,Viaduto Pedro Lucas Cavalcanti, 49, Tiradentes,MA,1941-03-10
Sr. Anthony Almeida,305***.***.***-60,38.0,Rua Vitor Hugo Pinto, 21, Anchieta,BA,1987-02-03
Clara Martins,397***.***.***-86,77.0,Rodovia Aragão, 245, Conjunto Lagoa,BA,1947-03-14
Dr. Luiz Felipe Cardoso,374***.***.***-20,70.0,Alameda de Lima, 65, Boa Esperança,AP,1954-07-20
Sr. Calebe Lopes,135***.***.***-77,63.0,Trecho Lucas Sales, 24, Dom Bosco,CE,1961-10-19
Miguel Monteiro,097***.***.***-41,55.0,Passarela Igor Novaes, 89, Pompéia,AC,1969-06-27
Srta. Catarina Da Mata,468***.***.***-57,82.0,Sítio Luna Carvalho, 98, Novo Santa Cecilia,AC,1942-07-05
João Gabriel Araújo,625***.***.***-25,74.0,Esplanada de Castro, 4, Vila Nova Cachoeirinha 1ª Seção,RR,1950-09-13
Sr. Nicolas Azevedo,036***.***.***-33,36.0,Estrada de Aragão, 1, Vila Barragem Santa Lúcia,RJ,1989-01-18
Kamilly Caldeira,508***.***.***-47,45.0,Via Gabriela Nascimento, Madre Gertrudes, 45044395 Nascimento do Galho / AP,MS,1979-07-04
Renan Araújo,186***.***.***-57,79.0,Travessa Vinicius da Mata, 52, Alta Tensão 1ª Seção,SP,1945-03-06
Vicente Nascimento,054***.***.***-32,63.0,Largo Vieira, Milionario, 78970057 Dias / DF,CE,1961-02-22
Isaac Rocha,873***.***.***-69,58.0,Área Lucas Gabriel Silveira, 51, Anchieta,RJ,1966-11-30
Julia Das Neves,819***.***.***-05,61.0,Jardim Isabelly Gomes, 23, Nossa Senhora De Fátima,PR,1963-08-28
Breno Rodrigues,196***.***.***-34,96.0,Distrito de Silveira, Dona Clara, 14225405 Araújo / AM,MA,1928-10-24
Isabel Nogueira,968***.***.***-65,64.0,Travessa Ana Júlia da Rocha, Miramar, 01287083 Fogaça do Oeste / TO,PI,1960-10-21
Anthony Araújo,208***.***.***-26,39.0,Avenida Milena Pires, 360, Vila Rica,TO,1985-09-07
Sra. Marina Da Cunha,067***.***.***-95,56.0,Rodovia Marcelo Souza, 25, Estrela,AM,1968-09-09
Helena Cardoso,853***.***.***-39,52.0,Pátio Alexandre Teixeira, 243, Indaiá,PR,1972-05-29
Luigi Nunes,593***.***.***-24,51.0,Via Clara da Rosa, 928, Castelo,RR,1973-06-17
Srta. Raquel Da Costa,278***.***.***-09,59.0,Estação Ribeiro, 46, Venda Nova,AM,1965-05-07
Sra. Ana Vitória Oliveira,120***.***.***-17,61.0,Sítio de Cavalcanti, 97, Juliana,SC,1963-11-01
Luiza Campos,974***.***.***-03,53.0,Condomínio de Rodrigues, 52, Conjunto Providencia,TO,1972-01-13
Lucca Da Paz,526***.***.***-95,72.0,Rodovia Vieira, 63, Conjunto Taquaril,TO,1952-04-14
Nathan Da Rosa,907***.***.***-25,32.0,Recanto de da Conceição, 1, Paraíso,CE,1992-11-05
Lívia Silveira,804***.***.***-85,62.0,Setor de Azevedo, 375, Castanheira,MS,1962-11-22
Isabel Cavalcanti,492***.***.***-04,55.0,Ladeira Pietra Cunha, 13, Vista Alegre,PA,1969-05-10
Rafael Nunes,285***.***.***-76,39.0,Vereda Davi Lucca Barbosa, 35, Estrela Do Oriente,GO,1985-08-28
Elisa Fogaça,572***.***.***-92,96.0,Rodovia Ana Júlia Araújo, 68, Vila Real 2ª Seção,MA,1928-12-13
Agatha Ramos,948***.***.***-85,24.0,Distrito de Barros, 41, Suzana,RR,2000-12-03
Kamilly Rocha,946***.***.***-48,60.0,Feira Campos, 17, Cruzeiro,CE,1964-09-19
Antônio Das Neves,435***.***.***-82,41.0,Avenida Vitor Hugo Cardoso, 34, Vila São Rafael,RS,1983-07-31
Luiz Gustavo Alves,198***.***.***-10,46.0,Rodovia de Souza, 63, Vila Nova Dos Milionarios,RS,1978-07-08
Emanuella Fernandes,097***.***.***-96,88.0,Residencial Ian da Paz, 6, Padre Eustáquio,RO,1936-07-21
Srta. Ana Beatriz Farias,431***.***.***-39,63.0,Ladeira de da Paz, 98, Jardim Dos Comerciarios,AC,1961-08-07
Yago Monteiro,865***.***.***-00,45.0,Ladeira Pereira, 21, Buraco Quente,MA,1979-06-22
Yasmin Gonçalves,017***.***.***-14,77.0,Área Barros, 46, Salgado Filho,PR,1947-09-26
Bruna Nascimento,132***.***.***-52,35.0,Vereda Luiz Felipe Costa, 70, Minaslandia,RR,1989-04-13
Davi Luiz Nogueira,873***.***.***-50,98.0,Vila Sales, 97, Paquetá,PE,1926-12-20
Ian Monteiro,324***.***.***-91,25.0,Favela Alana Ribeiro, 318, Casa Branca,CE,1999-12-11
Srta. Helena Silva,905***.***.***-01,36.0,Parque Freitas, 82, Ouro Minas,TO,1988-11-14
Bárbara Novaes,038***.***.***-15,89.0,Trecho Bryan da Cunha, 1, Betânia,AM,1935-05-24
Sr. Pedro Lucas Costela,534***.***.***-00,31.0,Esplanada Moreira, Pindura Saia, 93675777 da Cunha da Mata / ES,MG,1993-08-24
Rafael Jesus,673***.***.***-80,23.0,Campo de Barros, 16, Silveira,CE,2001-08-16
Sra. Alícia Caldeira,051***.***.***-70,90.0,Distrito Esther Campos, 264, Apolonia,TO,1934-12-04
Danilo Martins,760***.***.***-39,99.0,Largo Pires, 78, Bacurau,PI,1925-03-30
Sr. Gabriel Da Rosa,530***.***.***-53,50.0,Campo Isabelly Freitas, Novo Santa Cecilia, 94562211 da Mata / CE,AC,1974-09-10
Augusto Teixeira,412***.***.***-16,70.0,Favela Maria Novaes, Savassi, 60241424 da Costa das Flores / RR,RS,1954-11-15
Ana Julia Da Rosa,630***.***.***-65,43.0,Trevo Moraes, 5, Cônego Pinheiro 1ª Seção,RS,1981-10-10
Lucca Barbosa,836***.***.***-77,98.0,Rua Mendes, 337, Penha,MG,1926-06-12
Amanda Da Costa,268***.***.***-29,24.0,Lagoa Cardoso, 1, Ambrosina,MT,2000-11-20
Dr. Francisco Cardoso,430***.***.***-50,97.0,Lago Maitê Campos, 31, Braúnas,PR,1927-10-30
Lorena Farias,268***.***.***-82,93.0,Residencial Barbosa, 44, Zilah Sposito,RS,1931-04-17
Anthony Da Costa,935***.***.***-97,37.0,Recanto de Rocha, 68, Conjunto Califórnia I,SC,1988-02-13
Cauã Rodrigues,107***.***.***-87,99.0,Vale Gustavo Henrique Alves, 50, Vila Madre Gertrudes 4ª Seção,MS,1926-02-11
Anthony Barbosa,631***.***.***-00,87.0,Vila Farias, Vila Satélite, 80983484 Gonçalves de Fogaça / RN,AL,1937-08-19
Ana Julia Almeida,179***.***.***-09,23.0,Fazenda de Porto, 3, Senhor Dos Passos,MT,2001-07-20
Milena Barros,314***.***.***-51,74.0,Setor Miguel Pires, 3, Ermelinda,RN,1950-08-04
Murilo Gomes,759***.***.***-93,,Morro de Castro, Vila Pilar, 68132710 Vieira do Sul / SP,CE,1924-05-22
Daniel Barbosa,812***.***.***-98,29.0,Praça Ferreira, 764, Vila Sumaré,DF,1995-10-05
Dr. Samuel Cardoso,039***.***.***-96,47.0,Vereda Cauê Novaes, 14, Conjunto Califórnia Ii,DF,1977-03-20
Ana Laura Sales,863***.***.***-22,79.0,Fazenda de Pinto, 42, São Jorge 1ª Seção,RO,1945-11-24
Mariana Cunha,492***.***.***-25,82.0,Loteamento Luiz Felipe Teixeira, 87, Novo Ouro Preto,RR,1942-07-24
Sr. João Guilherme Cavalcanti,347***.***.***-70,39.0,Quadra Emanuella da Conceição, 29, Cruzeiro,RN,1985-09-30
Kamilly Rocha,365***.***.***-10,64.0,Rodovia Danilo Costa, 17, Alta Tensão 2ª Seção,PI,1960-10-29
Gabriel Nunes,940***.***.***-04,56.0,Vila Stephany Lima, Vista Do Sol, 43271006 Costa / PA,AM,1968-11-21
Rafael Correia,579***.***.***-05,73.0,Morro de Cardoso, 47, Marçola,PI,1952-01-03
Ana Lívia Barbosa,925***.***.***-60,63.0,Lagoa Sarah Azevedo, Monsenhor Messias, 68691-716 Nunes / CE,PA,1961-05-30
Maitê Teixeira,694***.***.***-39,91.0,Loteamento Oliveira, 29, Camponesa 1ª Seção,RS,1933-05-11
Carlos Eduardo Santos,937***.***.***-37,69.0,Largo Nascimento, 97, Delta,RO,1955-03-29
Enzo Gabriel Araújo,349***.***.***-96,71.0,Sem endereco,,,RS,1953-09-15
Breno Moreira,184***.***.***-49,40.0,Aeroporto de das Neves, 7, Vila Sumaré,PR,1984-03-23
Julia Lopes,106***.***.***-31,48.0,Conjunto de Cardoso, 5, Vila Minaslandia,RR,1977-02-13
André Lima,645***.***.***-70,80.0,Viaduto Cardoso, Belmonte, 18780-365 Monteiro do Campo / RO,AL,1944-11-06
João Gabriel Barbosa,190***.***.***-67,55.0,Fazenda de Barros, Boa Esperança, 74227859 da Costa / DF,AP,1969-02-23
Sem nome,438***.***.***-56,22.0,Colônia Maria Vitória Moura, Aarão Reis, 87984-967 Rocha de Minas / GO,CE,2002-04-13
João Felipe Oliveira,830***.***.***-00,43.0,Avenida de Cardoso, Madre Gertrudes, 39614351 Porto do Amparo / RN,DF,1981-10-18
Samuel Vieira,218***.***.***-53,40.0,Lagoa Leandro Caldeira, 1, Chácara Leonina,RR,1984-07-02
Lucca Ferreira,237***.***.***-19,86.0,Esplanada de das Neves, 5, Andiroba,PE,1938-03-30
Samuel Castro,582***.***.***-70,71.0,Praia Eloah da Mata, 95, Cachoeirinha,AM,1954-02-04
Maria Vitória Teixeira,426***.***.***-25,62.0,Praia Carvalho, 7, Vila Nova,MS,1962-12-16
Maria Fernanda Farias,907***.***.***-20,23.0,Área de Correia, 44, Chácara Leonina,RN,2001-07-18
Fernanda Sales,879***.***.***-32,72.0,Vale Lorenzo Almeida, 80, Vila Mantiqueira,RS,1953-02-05
Srta. Eduarda Nogueira,602***.***.***-07,67.0,Chácara Isadora das Neves, Vila Da Amizade, 25121623 Ribeiro / PB,RO,1958-01-13
Maitê Ferreira,016***.***.***-99,66.0,Estação Cunha, Calafate, 29389355 Rocha de Gonçalves / PR,SC,1958-04-24
Catarina Pires,079***.***.***-11,48.0,Loteamento de Lima, 1, Vila Primeiro De Maio,MS,1977-01-28
Manuela Da Rocha,839***.***.***-57,75.0,Alameda de Gonçalves, 79, Saudade,PB,1949-05-21
Nina Moura,604***.***.***-25,47.0,Quadra Bernardo Ferreira, 85, Marieta 1ª Seção,AC,1977-07-23
Pedro Henrique Vieira,526***.***.***-03,43.0,Rodovia Alícia Dias, 58, Vila Boa Vista,PR,1981-08-14
Ana Clara Cunha,862***.***.***-02,37.0,Rua de Cavalcanti, 8, Vila Da Paz,ES,1987-04-09
Pietra Santos,508***.***.***-67,95.0,Esplanada de Silva, 1, Vila Puc,SC,1929-06-14
Sr. Theo Da Conceição,284***.***.***-14,26.0,Viaduto de Freitas, 12, Centro,SP,1998-10-04
Vinicius Da Costa,023***.***.***-16,66.0,Recanto Valentina Pinto, 52, Satelite,SP,1958-06-03
Pedro Henrique Cunha,519***.***.***-93,59.0,Passarela de Santos, 501, Vila Atila De Paiva,PA,1965-06-03
Davi Nogueira,564***.***.***-11,75.0,Morro Lucca da Rocha, 40, Bandeirantes,TO,1949-12-14
Luiz Fernando Da Paz,409***.***.***-11,81.0,Praça de da Paz, 5, Conjunto Jardim Filadélfia,MT,1943-04-30
Srta. Letícia Rocha,137***.***.***-32,77.0,Fazenda João Felipe Souza, 78, Nova Pampulha,SE,1947-12-01
João Nogueira,367***.***.***-10,91.0,Rodovia Cauê Monteiro, 50, Heliopolis,RN,1933-02-22
João Gabriel Cardoso,962***.***.***-34,54.0,Área de Ferreira, 20, Vila Independencia 2ª Seção,MG,1970-07-13
Ryan Ribeiro,409***.***.***-48,96.0,Núcleo Almeida, 41, Vila São Paulo,AL,1928-12-18
Olivia Das Neves,314***.***.***-55,24.0,Lagoa de Vieira, 25, Paquetá,RR,2001-01-27
Sr. Luiz Miguel Pinto,942***.***.***-76,56.0,Conjunto da Luz, 6, Chácara Leonina,SP,1968-04-17
Elisa Teixeira,217***.***.***-73,80.0,Ladeira de Rodrigues, 58, Vila São Francisco,RO,1944-05-07
Pedro Miguel Das Neves,523***.***.***-03,60.0,Jardim de Nascimento, 7, Engenho Nogueira,RJ,1964-12-15
Maria Luiza Azevedo,064***.***.***-47,77.0,Quadra de da Cruz, 42, Vila Jardim Montanhes,SE,1947-04-29
Lorenzo Silva,642***.***.***-13,48.0,Conjunto de da Cruz, 1, Mariano De Abreu,AM,1976-05-09
Bianca Souza,673***.***.***-40,98.0,Colônia Francisco Campos, 7, Vila Betânia,BA,1926-05-25
Vitor Azevedo,643***.***.***-20,71.0,Largo de Barbosa, Vila Nova Gameleira 1ª Seção, 37778-485 Lima / AL,RR,1953-11-01
Enzo Gabriel Lima,187***.***.***-94,58.0,Aeroporto Rezende, Santo Antônio, 22751419 Melo de Porto / SP,SC,1967-01-28
Eduarda Cunha,093***.***.***-32,60.0,Campo de Pinto, 72, Santana Do Cafezal,SP,1964-09-17
Sra. Nicole Da Rocha,367***.***.***-03,80.0,Setor de Ferreira, 742, Vila Antena,AM,1944-10-10
Ana Clara Santos,430***.***.***-04,36.0,Ladeira de Sales, 15, Vila São Francisco,PB,1988-04-15
Enzo Gabriel Castro,694***.***.***-65,97.0,Ladeira de Teixeira, São Geraldo, 49881-890 Rodrigues / PB,PI,1927-07-11
Nicole Ferreira,701***.***.***-22,29.0,Aeroporto Duarte, 9, Funcionários,AM,1996-02-11
Erick Sales,498***.***.***-48,38.0,Trecho de Martins, 51, Vila Santa Monica 1ª Seção,CE,1986-09-13
Anthony Barros,742***.***.***-07,43.0,Vila Alexia Viana, 87, Jardim Alvorada,RR,1981-10-24
Renan Da Rocha,986***.***.***-10,53.0,Morro Melo, 463, Grajaú,TO,1971-03-08
Marcela Santos,843***.***.***-42,25.0,Residencial de Aragão, 65, Planalto,GO,1999-12-23
Carolina Melo,970***.***.***-05,40.0,Vereda Kamilly da Rosa, 80, São Geraldo,AP,1984-06-06
Lavínia Rezende,946***.***.***-70,45.0,Morro Davi Luiz Correia, 38, Vila São Paulo,RO,1979-08-19
Srta. Julia Porto,502***.***.***-61,76.0,Distrito Ana Laura Aragão, 90, Jardim Do Vale,AM,1948-07-21
Alana Cardoso,572***.***.***-41,33.0,Favela Gonçalves, 32, Cônego Pinheiro 1ª Seção,RN,1991-04-14
Davi Lucas Cardoso,805***.***.***-83,29.0,Viela da Paz, 92, Serra,SP,1995-11-15
Raul Santos,315***.***.***-03,20.0,Loteamento Emanuelly Sales, 135, Leticia,AL,2004-09-11
Igor Melo,261***.***.***-17,47.0,Favela Oliveira, 67, Vila Copacabana,TO,1978-02-03
Joaquim Da Costa,274***.***.***-56,77.0,Condomínio Campos, 38, Dom Bosco,AP,1947-08-10
João Felipe Farias,936***.***.***-01,29.0,Estação Milena Silva, 549, Bairro Das Indústrias Ii,MT,1996-01-11
Manuela Almeida,647***.***.***-30,76.0,Feira Alice Ramos, 3, São João Batista,AC,1949-01-27
Ryan Rocha,248***.***.***-51,65.0,Passarela Nogueira, 8, Castelo,Sem endereco,1959-10-25
Luna Da Conceição,935***.***.***-91,97.0,Campo Campos, 82, São Pedro,MS,1928-02-19
Manuela Silva,591***.***.***-73,19.0,Jardim Beatriz Farias, 11, Acaba Mundo,BA,2005-09-01
Maria Vitória Das Neves,761***.***.***-34,97.0,Lagoa Cavalcanti, Savassi, 46594-913 Ribeiro do Norte / PE,MG,1928-01-05
Marcela Cunha,904***.***.***-32,46.0,Rua Sales, 4, Universo,PE,1978-06-17
Bryan Souza,593***.***.***-00,66.0,Viaduto Thales Costela, 23, Mala E Cuia,MA,1958-03-05
Kevin Cavalcanti,658***.***.***-01,49.0,Distrito Maria Moraes, 9, Vila Paris,SE,1976-01-29
Sr. João Gabriel Martins,794***.***.***-85,75.0,Esplanada de Moura, 95, Boa Viagem,MT,1949-06-14
Gabriela Da Mata,746***.***.***-90,68.0,Viaduto de Peixoto, 16, Inconfidência,RR,1956-06-16
Srta. Júlia Fernandes,650***.***.***-98,49.0,Condomínio Leandro da Mota, 20, Jatobá,DF,1975-11-19
Bárbara Silveira,386***.***.***-04,41.0,Trevo Carvalho, Vila Paraíso, 27781889 Vieira de Castro / RN,RJ,1983-12-25
Vinicius Jesus,549***.***.***-91,90.0,Morro de Duarte, Pindorama, 91232749 Cunha / RS,MG,1934-12-08
Srta. Alice Pires,536***.***.***-56,42.0,Praia Ana Carolina Correia, 11, Santa Sofia,CE,1982-07-08
Lara Ferreira,698***.***.***-75,73.0,Rodovia de Fogaça, 96, Lajedo,DF,1951-10-23
Felipe Freitas,863***.***.***-01,99.0,Rua Duarte, 85, Vila Real 1ª Seção,DF,1925-04-27
Maysa Pires,852***.***.***-11,69.0,Sítio Mariana Almeida, 86, Carlos Prates,BA,1955-10-08
Letícia Da Mata,308***.***.***-31,48.0,Aeroporto da Paz, 54, Vila São Dimas,RJ,1976-08-04
Luigi Cunha,623***.***.***-34,93.0,Praia Nascimento, 541, Senhor Dos Passos,Sem endereco,1932-01-24
Lucas Gabriel Gomes,120***.***.***-40,20.0,Distrito de Cardoso, 24, Flamengo,PE,2004-02-23
Emanuelly Costela,152***.***.***-97,47.0,Vale de Vieira, 67, Suzana,RR,1977-10-21
Calebe Nascimento,631***.***.***-87,85.0,Trecho Brenda Ferreira, 25, Lagoinha,BA,1939-02-25
Juan Pires,139***.***.***-46,76.0,Avenida de Santos, 89, São Pedro,GO,1948-03-12
Lívia Costa,582***.***.***-50,82.0,Loteamento Oliveira, 12, Vila Da Ária,RN,1942-10-18
Davi Lucas Nunes,679***.***.***-03,22.0,Vila Viana, 68, Nova Cintra,PI,2003-01-07
Dr. Lucca Oliveira,806***.***.***-75,90.0,Passarela Jesus, 34, Vila Jardim Montanhes,RJ,1934-06-24
Eduardo Monteiro,037***.***.***-65,62.0,Viaduto Caldeira, Vila Nova Paraíso, 26625-312 Oliveira do Galho / PE,CE,1962-11-09
Diogo Moraes,571***.***.***-52,48.0,Sítio Aragão, 73, Aguas Claras,MA,1977-01-12
Felipe Freitas,657***.***.***-57,19.0,Área Gabriela Nascimento, Ermelinda, 91481282 Silveira / RR,GO,2005-12-08
Ryan Peixoto,830***.***.***-98,28.0,Estrada Agatha Correia, 79, Xodo-Marize,PA,1996-08-25
Otávio Pires,526***.***.***-01,26.0,Pátio Ribeiro, 33, Vila Oeste,RO,1998-07-16
Thiago Moreira,023***.***.***-03,62.0,Residencial Rebeca da Paz, 43, Santa Inês,RS,1963-01-11
Pietro Lopes,428***.***.***-19,62.0,Aeroporto Moura, 81, Salgado Filho,PB,1962-04-24
Gabriela Gomes,317***.***.***-50,43.0,Parque Mariane Araújo, 1, Flamengo,PI,1981-04-13
João Miguel Viana,183***.***.***-77,24.0,Estrada de Carvalho, 309, Funcionários,Sem endereco,2000-05-27
Sr. Luiz Henrique Nunes,031***.***.***-77,76.0,Via da Cunha, 11, Sport Club,TO,1948-03-17
Srta. Ana Sophia Viana,937***.***.***-68,30.0,Rodovia Agatha Cavalcanti, 27, Santo Antônio,PA,1995-02-18
Sr. Marcelo Aragão,418***.***.***-40,86.0,Praça Raul Pires, Maria Virgínia, 04343-264 Cunha / TO,PI,1938-04-06
Enzo Gabriel Da Mota,018***.***.***-24,31.0,Vila Farias, Braúnas, 89867214 Nogueira do Sul / SE,MG,1993-09-22
Benjamin Da Rosa,195***.***.***-86,,Núcleo Maria Luiza Novaes, 100, Xangri-Lá,PR,1924-07-29
Ana Rezende,316***.***.***-64,69.0,Esplanada de da Cruz, 73, Eymard,RN,1955-10-15
Dr. Thomas Dias,267***.***.***-03,46.0,Jardim Ana Carolina da Mota, 6, Vila Petropolis,PB,1979-01-13
Breno Ribeiro,803***.***.***-78,39.0,Vereda de Costela, 27, Vila De Sá,MT,1985-10-05
Lucas Gabriel Novaes,856***.***.***-11,42.0,Trevo Manuela Jesus, 927, Ipe,CE,1982-09-04
Vicente Rodrigues,328***.***.***-79,86.0,Chácara Cardoso, 14, Vila Aeroporto,RO,1938-12-18
João Lucas Vieira,985***.***.***-05,39.0,Praça de Oliveira, 35, Conjunto Santa Maria,MA,1985-10-18
Dr. Luiz Henrique Freitas,951***.***.***-88,48.0,Residencial Luigi Duarte, 6, Manacas,PA,1976-11-07
Dra. Luiza Da Conceição,189***.***.***-33,97.0,Núcleo de Ferreira, 77, Lagoa,CE,1927-04-29
Benjamin Cavalcanti,317***.***.***-41,27.0,Área de Fernandes, 37, Vila São Dimas,CE,1997-11-30
Murilo Mendes,653***.***.***-17,78.0,Loteamento Porto, 4, Vila Santo Antônio,SE,1946-04-20
Dr. Renan Rezende,609***.***.***-38,66.0,Área de Ribeiro, 688, Vila Vista Alegre,SC,1958-12-16
Maysa Porto,081***.***.***-84,69.0,Pátio Carlos Eduardo Azevedo, 76, Havaí,BA,1955-09-11
Pedro Lucas Pereira,873***.***.***-35,85.0,Quadra Almeida, 83, Paquetá,SC,1940-01-09
Isadora Nogueira,480***.***.***-05,51.0,Feira Almeida, 72, Vila São Dimas,RJ,1974-01-09
Gabriel Ramos,591***.***.***-05,77.0,Viaduto de Freitas, 46, Novo Glória,MT,1947-08-23
Yago Ferreira,531***.***.***-00,88.0,Ladeira Agatha Almeida, 27, Vila Copacabana,AC,1936-05-30
Samuel Da Mata,521***.***.***-11,22.0,Residencial Cavalcanti, 50, Grota,PR,2002-11-30
Sophie Pinto,317***.***.***-50,95.0,Colônia Bryan Costela, 404, Suzana,SC,1929-07-19
Dr. Rafael Souza,436***.***.***-07,46.0,Rodovia de Moreira, 6, Santo Agostinho,AM,1979-02-03
Vitor Hugo Lima,450***.***.***-80,86.0,Esplanada Oliveira, 654, Serra,RR,1938-07-30
Dr. Bernardo Da Cruz,230***.***.***-50,21.0,Rodovia Thomas Santos, 48, Vila Suzana Segunda Seção,BA,2003-03-03
Caio Da Cunha,926***.***.***-00,94.0,Vila Milena Porto, 70, Marieta 1ª Seção,PB,1930-09-14
Stephany Duarte,642***.***.***-46,97.0,Lagoa Rebeca Novaes, 77, São Jorge 1ª Seção,AM,1927-03-22
Kevin Da Conceição,074***.***.***-94,64.0,Núcleo Sales, 59, Novo Das Industrias,AC,1960-04-18
Srta. Giovanna Aragão,142***.***.***-17,77.0,Feira Sales, 82, Coração Eucarístico,PB,1947-07-08
Pedro Henrique Pinto,653***.***.***-37,26.0,Colônia de Azevedo, 22, Centro,MS,1998-09-20
Joaquim Da Cruz,532***.***.***-41,31.0,Alameda Fernandes, São Salvador, 47528-909 Vieira do Norte / AM,RO,1993-12-14
Leandro Souza,560***.***.***-86,30.0,Estrada de Castro, 671, Trevo,RN,1994-10-09
Beatriz Aragão,805***.***.***-04,53.0,Trecho Calebe Ferreira, 902, Funcionários,AC,1971-07-29
Carlos Eduardo Teixeira,546***.***.***-98,49.0,Chácara João Gabriel Correia, 983, Vila Batik,DF,1975-07-26
Joana Da Rocha,915***.***.***-33,46.0,Lago Maria Cecília Dias, 93, Marçola,CE,1978-03-05
Lucas Gabriel Da Luz,203***.***.***-70,19.0,Via de Santos, Delta, 16982254 da Rosa / DF,RJ,2005-12-13
Davi Lucas Da Costa,502***.***.***-52,19.0,Viela Mariana Ferreira, 867, Cidade Jardim Taquaril,SP,2005-11-29
Henrique Da Rocha,713***.***.***-44,34.0,Via Caio Carvalho, 11, Inconfidência,PB,1990-09-08
Lorena Fernandes,574***.***.***-93,93.0,Residencial João Guilherme Campos, Vila Paraíso, 64575-574 da Costa / PR,PR,1931-05-23
Nathan Nogueira,837***.***.***-56,44.0,Vereda Jesus, 420, Monsenhor Messias,AM,1980-03-22
Srta. Maysa Rezende,726***.***.***-55,82.0,Setor de da Mata, 49, Zilah Sposito,PA,1942-09-08
Erick Santos,680***.***.***-67,44.0,Rua Lavínia da Rosa, 9, Pedreira Padro Lopes,RS,1980-06-22
Agatha Sales,983***.***.***-30,92.0,Setor de Santos, 49, Itatiaia,BA,1932-09-01
Ana Beatriz Moreira,637***.***.***-66,64.0,Parque Thomas Nogueira, 74, Outro,AL,1960-11-19
Antônio Da Rocha,943***.***.***-23,26.0,Viela de Mendes, 45, Jardim Leblon,MA,1998-02-28
Dra. Vitória Viana,813***.***.***-24,83.0,Loteamento Barbosa, 28, Vila Madre Gertrudes 2ª Seção,MA,1941-03-23
Enzo Monteiro,534***.***.***-04,44.0,Trevo Barros, 87, Chácara Leonina,MT,1980-06-25
Bernardo Santos,045***.***.***-29,19.0,Lagoa Isabella Viana, 20, Zilah Sposito,PR,2005-09-09
Guilherme Cunha,237***.***.***-02,25.0,Fazenda Rezende, 619, Vila Da Paz,RO,1999-03-31
Raul Rodrigues,193***.***.***-33,48.0,Praça Souza, Santa Inês, 51653-076 Sales / SC,MS,1976-06-16
Pietra Lima,591***.***.***-39,31.0,Praça Almeida, 81, São Bento,PE,1993-03-28
Camila Barbosa,560***.***.***-59,38.0,Vila Martins, 7, Casa Branca,BA,1986-07-11
Kaique Almeida,078***.***.***-02,69.0,Passarela de Pires, 6, Olhos D'água,AC,1955-09-27
Antônio Porto,015***.***.***-60,88.0,Aeroporto Lavínia Porto, 29, Barreiro,MG,1936-06-19
Alana Rezende,216***.***.***-60,71.0,Parque de Aragão, 76, Cachoeirinha,SC,1953-05-23
Vitor Almeida,134***.***.***-00,43.0,Vale Ramos, 60, Vila Santo Antônio,RN,1981-08-06
Isabelly Da Mota,709***.***.***-48,76.0,Loteamento Nascimento, Engenho Nogueira, 51363757 Freitas de Minas / PA,AM,1948-05-19
Isis Oliveira,893***.***.***-87,78.0,Esplanada João Guilherme Barbosa, 39, Barão Homem De Melo 2ª Seção,PI,1946-09-28
Carolina Gomes,845***.***.***-28,32.0,Parque Nascimento, Vila Minaslandia, 52552505 Pires / AL,RS,1992-05-29
Srta. Natália Rodrigues,548***.***.***-88,76.0,Largo Alves, 654, Vera Cruz,TO,1948-03-04
Fernando Ramos,032***.***.***-38,52.0,Trevo de Azevedo, 36, Vila Barragem Santa Lúcia,RN,1973-01-05
Gabriela Da Cruz,109***.***.***-77,27.0,Área de Barros, 4, Vila Mangueiras,MA,1997-06-11
Noah Cavalcanti,273***.***.***-60,84.0,Setor Arthur Barros, 58, Vera Cruz,PR,1941-02-17
Clara Moreira,079***.***.***-05,50.0,Largo Gomes, 85, Vila Da Paz,RR,1974-03-30
Laura Araújo,134***.***.***-25,54.0,Praia Agatha Cardoso, 1, Lagoinha,PI,1970-03-16
Dr. Luiz Otávio Sales,472***.***.***-60,78.0,Via Novaes, 81, Vila São Paulo,MT,1946-07-10
Emilly Da Mata,839***.***.***-83,89.0,Pátio Castro, 51, Vila Trinta E Um De Março,AP,1935-10-11
Kevin Rodrigues,086***.***.***-50,54.0,Campo Lima, 42, Conjunto Califórnia Ii,RJ,1970-09-05
Davi Pereira,209***.***.***-89,61.0,Esplanada Rafael Viana, 38, Apolonia,MT,1963-09-23
Thomas Silva,891***.***.***-89,20.0,Travessa Beatriz Fogaça, 47, Fernão Dias,BA,2004-03-06
Ana Lívia Da Cruz,135***.***.***-84,86.0,Praça Correia, 3, Canadá,MA,1938-09-06
Sr. Vicente Silveira,318***.***.***-57,60.0,Viela Maria Cecília Viana, 44, Vila Copacabana,CE,1964-11-06
Sophie Caldeira,403***.***.***-17,37.0,Vila Nina Moura, 41, Vila Santo Antônio,PI,1988-01-28
Gabriel Costa,930***.***.***-34,60.0,Núcleo Carvalho, 87, Piraja,MS,1964-04-07
Ana Carolina Costa,680***.***.***-80,51.0,Rodovia de da Luz, 710, Saudade,MT,1973-12-15
Maitê Fogaça,543***.***.***-57,27.0,Residencial Beatriz Lopes, Ermelinda, 10264438 Pinto do Amparo / RN,RJ,1997-10-29
Bruna Caldeira,259***.***.***-03,68.0,Aeroporto de Ferreira, 9, Senhor Dos Passos,AM,1956-05-14
Caroline Moura,593***.***.***-25,31.0,Chácara da Luz, 27, Bonfim,PB,1993-04-27
Sra. Ana Júlia Pires,561***.***.***-06,47.0,Núcleo Cardoso, Barreiro, 53334004 da Mata / TO,BA,1977-06-19
Dra. Larissa Fernandes,503***.***.***-51,43.0,Residencial de Ribeiro, 11, Vila Santa Rosa,BA,1981-02-21
Rodrigo Da Luz,416***.***.***-61,33.0,Aeroporto de Campos, 63, São Gabriel,PA,1992-02-03
Carlos Eduardo Barros,730***.***.***-70,32.0,Loteamento de Rodrigues, Santa Cecilia, 06586958 Sales / GO,SE,1992-05-25
Ana Laura Silva,047***.***.***-66,52.0,Vale Pinto, 70, Esplanada,RO,1972-06-20
Maitê Nogueira,517***.***.***-06,66.0,Vale Costela, 5, Parque São José,GO,1958-10-01
Ana Laura Da Luz,681***.***.***-90,81.0,Jardim de Barros, 111, Caiçara - Adelaide,GO,1943-09-26
Sra. Brenda Viana,154***.***.***-01,76.0,Pátio da Rocha, 793, Vila Rica,AL,1948-10-12
Augusto Teixeira,360***.***.***-47,94.0,Setor Samuel Porto, 99, Bairro Das Indústrias Ii,RJ,1930-05-17
Dr. Francisco Lima,318***.***.***-70,66.0,Via Diego Lima, 60, Distrito Industrial Do Jatoba,RR,1959-02-01
Isaac Da Luz,293***.***.***-83,75.0,Área João Lucas Lima, 997, São Benedito,PE,1949-09-12
Calebe Jesus,068***.***.***-00,47.0,Praia Vitor Gabriel Cunha, 89, Concórdia,PA,1978-02-15
Kevin Melo,786***.***.***-22,58.0,Viaduto Juliana Nogueira, Trevo, 27312378 Costela / BA,BA,1966-11-05
Pedro Miguel Peixoto,079***.***.***-68,49.0,Passarela Moura, 85, Vila Rica,SE,1975-03-26
Gabrielly Almeida,498***.***.***-00,30.0,Condomínio de Sales, 62, São Bernardo,SE,1994-06-21
Murilo Correia,197***.***.***-93,34.0,Estação de Ribeiro, 893, Zilah Sposito,BA,1990-11-29
Matheus Dias,156***.***.***-53,82.0,Sem endereco,,,RJ,1942-12-02
Stella Cardoso,798***.***.***-39,56.0,Estrada Ana Ramos, 10, Novo Tupi,PR,1968-08-14
Marcela Barbosa,509***.***.***-66,61.0,Estação de Azevedo, 639, Vila Antena Montanhês,SC,1963-03-04
Ana Carolina Pires,612***.***.***-06,88.0,Viaduto Eduarda Pinto, 76, Pousada Santo Antonio,GO,1936-04-16
Helena Aragão,791***.***.***-23,85.0,Morro Lavínia Almeida, Esperança, 86630-979 da Mota da Praia / AP,AL,1940-02-19
João Gabriel Oliveira,496***.***.***-09,97.0,Travessa Oliveira, 28, Minas Brasil,PA,1927-11-21
Maria Cecília Vieira,491***.***.***-64,88.0,Conjunto de Souza, 842, Petropolis,PR,1936-05-14
Lorena Rodrigues,461***.***.***-90,46.0,Quadra de Fogaça, 57, Vila Nova Gameleira 3ª Seção,AM,1978-12-27
Nicolas Cunha,873***.***.***-53,70.0,Estrada de Carvalho, 52, Conjunto Jardim Filadélfia,AL,1954-09-01
Vitor Hugo Ramos,485***.***.***-06,30.0,Travessa Melo, 5, Biquinhas,MT,1994-08-07
Luigi Aragão,704***.***.***-74,40.0,Largo de Rodrigues, 19, Campo Alegre,MS,1984-02-28
Maria Julia Barros,123***.***.***-77,50.0,Área Nogueira, Solimoes, 33583-693 Fogaça de Minas / PE,PI,1974-06-14
Luiz Gustavo Silveira,178***.***.***-03,94.0,Estação Mendes, Colégio Batista, 63789-623 Mendes / PR,CE,1931-02-16
Ana Júlia Fernandes,795***.***.***-76,97.0,Passarela de Carvalho, 69, Coração De Jesus,AC,1927-05-16
Luiz Miguel Novaes,754***.***.***-28,27.0,Morro de Nascimento, 17, Coqueiros,MA,1998-01-24
Gabriel Santos,142***.***.***-30,21.0,Largo Viana, 3, Vila Fumec,AC,2003-03-24
Srta. Sophie Vieira,624***.***.***-17,72.0,Loteamento de Viana, 65, Conjunto Novo Dom Bosco,PB,1952-04-06
Júlia Cardoso,482***.***.***-02,89.0,Feira Gustavo Nascimento, 911, Vila Calafate,ES,1935-07-24
Dra. Gabriela Jesus,846***.***.***-40,49.0,Vereda Cunha, Jardim Do Vale, 23769849 Peixoto / ES,RS,1975-03-04
Dr. João Gabriel Correia,038***.***.***-08,49.0,Aeroporto Augusto das Neves, 847, Maria Helena,MG,1975-05-27
Luiz Gustavo Jesus,625***.***.***-02,99.0,Feira Fogaça, 914, Vila Dos Anjos,ES,1925-04-09
Rodrigo Ferreira,527***.***.***-49,55.0,Estação Moraes, 13, Carmo,DF,1969-02-27
Alícia Ribeiro,514***.***.***-94,92.0,Feira Maria Julia Costela, 21, Mariano De Abreu,TO,1932-04-28
Sr. André Da Mata,169***.***.***-15,67.0,Loteamento de Lima, 16, Conjunto Providencia,RJ,1957-12-07
Srta. Maria Julia Campos,245***.***.***-55,65.0,Rodovia Pires, 57, Vila De Sá,BA,1960-02-06
João Gabriel Ferreira,018***.***.***-03,95.0,Pátio Carvalho, Vila Primeiro De Maio, 20761463 Cardoso / AP,MA,1929-07-20
Thomas Moraes,291***.***.***-05,61.0,Parque Melo, 462, Vila Cloris,PE,1964-02-09
Clara Melo,860***.***.***-57,63.0,Alameda Vitor Gabriel Lopes, 52, Pedreira Padro Lopes,AM,1962-02-15
Luigi Cavalcanti,078***.***.***-50,34.0,Campo de Campos, 83, Vila Tirol,RS,1990-07-07
Dra. Stella Da Costa,340***.***.***-51,54.0,Passarela Oliveira, 48, Santa Monica,SC,1970-10-31
Isabella Da Paz,289***.***.***-65,81.0,Via Letícia Nunes, 280, Monsenhor Messias,MA,1943-12-31
Enzo Da Rocha,874***.***.***-13,44.0,Travessa Ribeiro, 92, Pindorama,SE,1980-12-28
Olivia Fernandes,016***.***.***-48,51.0,Conjunto Eduardo da Paz, 2, Dom Joaquim,PA,1973-12-09
André Da Mata,648***.***.***-08,38.0,Feira Clara Lima, 5, Vila Independencia 3ª Seção,PE,1986-11-05
Pedro Henrique Cavalcanti,938***.***.***-86,79.0,Núcleo de Rocha, 9, Sport Club,PB,1946-02-09
Joaquim Silveira,671***.***.***-12,21.0,Vila de Freitas, 80, Santo Antônio,CE,2003-07-18
Mirella Rodrigues,216***.***.***-94,47.0,Fazenda de Lima, 95, Vila Das Oliveiras,ES,1977-12-11
Sra. Isabelly Azevedo,087***.***.***-76,75.0,Ladeira Caldeira, 5, Vila Paris,MT,1949-11-23
Dr. Samuel Ferreira,720***.***.***-87,36.0,Travessa Ana Lívia da Mata, 63, Madri,RJ,1989-02-02
Otávio Carvalho,643***.***.***-90,88.0,Residencial Costa, 9, Cidade Jardim Taquaril,DF,1936-07-09
Dra. Stephany Da Mota,154***.***.***-51,25.0,Colônia Monteiro, 49, Europa,SP,1999-03-16
Cauê Mendes,152***.***.***-44,31.0,Lagoa das Neves, 36, Marçola,AC,1993-12-15
Alexandre Nunes,496***.***.***-33,52.0,Esplanada Souza, 437, Álvaro Camargos,RS,1972-07-03
Maria Fernanda Aragão,372***.***.***-53,68.0,Favela de Carvalho, 28, Confisco,AL,1956-05-24
João Guilherme Silva,820***.***.***-30,73.0,Praça Caroline Almeida, 19, Conjunto Bonsucesso,RO,1951-03-20
Lorena Rezende,753***.***.***-95,73.0,Lagoa de Fogaça, 92, Pantanal,RO,1951-03-25
Maria Sophia Da Cruz,690***.***.***-34,69.0,Vale Ana Julia Porto, 19, Alto Barroca,ES,1955-05-27
Milena Das Neves,685***.***.***-89,94.0,Residencial de Cunha, 20, Santana Do Cafezal,RS,1930-09-02
Kamilly Da Cunha,520***.***.***-80,67.0,Travessa Lucca Carvalho, 38, Aeroporto,RR,1957-06-21
Luiz Miguel Aragão,937***.***.***-12,54.0,Aeroporto Ana Clara Oliveira, Indaiá, 32077320 Monteiro das Flores / AM,GO,1970-03-11
Ana Laura Ribeiro,754***.***.***-47,38.0,Praia de da Mata, 18, São Jorge 3ª Seção,SP,1986-11-14
Lorena Da Mota,162***.***.***-90,57.0,Favela de Azevedo, 62, Lindéia,RS,1967-05-22
Emanuella Souza,617***.***.***-07,79.0,Loteamento Ferreira, 493, Lagoa,PB,1945-12-06
Cecília Pinto,498***.***.***-30,25.0,Campo Vinicius Campos, 2, Conjunto São Francisco De Assis,SC,1999-04-16
Pedro Henrique Cunha,584***.***.***-00,46.0,Condomínio Bruna Mendes, 55, Pongelupe,AP,1978-12-27
Sra. Eloah Da Mota,901***.***.***-03,33.0,Loteamento Freitas, 30, Primeiro De Maio,AC,1991-05-31
Samuel Da Rocha,159***.***.***-97,22.0,Trecho de Freitas, 8, Vila Piratininga Venda Nova,SE,2002-05-03
Melissa Almeida,705***.***.***-92,65.0,Alameda de da Rosa, 2, São Salvador,MS,1959-08-13
Carlos Eduardo Da Mota,894***.***.***-20,99.0,Largo Juliana Barbosa, 182, Concórdia,MS,1925-08-08
Dr. Vitor Da Mota,789***.***.***-28,49.0,Viela de da Paz, Minaslandia, 66289973 da Rocha da Mata / PE,AM,1975-05-17
Dr. Diogo Costela,962***.***.***-73,37.0,Passarela João Lucas Nogueira, 753, São Pedro,RJ,1987-09-28
Rafaela Rodrigues,578***.***.***-60,81.0,Campo Vinicius Silva, 27, Lagoinha,AP,1943-12-10
Vitor Hugo Da Conceição,716***.***.***-55,26.0,Viaduto de Castro, 65, Jardim Vitoria,TO,1998-04-30
Ana Laura Caldeira,518***.***.***-73,52.0,Estrada de Rocha, 305, Lourdes,AL,1972-10-28
Dra. Laura Silveira,472***.***.***-49,96.0,Pátio Lopes, 1, Varzea Da Palma,PI,1928-12-23
Sr. Rafael Pereira,492***.***.***-79,87.0,Recanto Gustavo Pereira, 77, Santo Antônio,TO,1937-06-21
Manuela Mendes,518***.***.***-60,32.0,Largo Kevin Barbosa, 2, Vila Da Ária,PA,1992-02-25
Igor Lopes,073***.***.***-22,30.0,Recanto Azevedo, Vila Cloris, 93763674 Alves de Goiás / CE,SC,1994-11-19
Marcelo Moreira,346***.***.***-87,50.0,Trecho Igor Barros, 77, Mariano De Abreu,PE,1974-10-05
Thomas Costela,428***.***.***-22,94.0,Alameda de Pinto, Pousada Santo Antonio, 23210876 Silveira / RS,MG,1930-03-08
Luiz Otávio Gonçalves,637***.***.***-90,64.0,Trevo Rezende, 51, Bela Vitoria,PB,1960-10-10
Stella Da Costa,063***.***.***-07,55.0,Estação de Freitas, 32, Corumbiara,CE,1969-12-25
Luana Da Cruz,083***.***.***-86,30.0,Distrito Rocha, Luxemburgo, 87202478 Araújo / CE,MA,1994-10-12
Maria Cecília Lima,132***.***.***-89,28.0,Recanto Silveira, 47, Olhos D'água,RO,1996-12-02
Melissa Teixeira,642***.***.***-78,71.0,Residencial de Pires, 28, Laranjeiras,SC,1953-11-03
Dr. Vinicius Pires,163***.***.***-10,39.0,Distrito de Lopes, 397, Alto Dos Pinheiros,SP,1986-02-05
Luiz Miguel Farias,962***.***.***-00,88.0,Feira Cardoso, 21, Conjunto Minas Caixa,AL,1936-11-03
Breno Correia,148***.***.***-67,41.0,Conjunto Daniel Fernandes, 403, Garças,MS,1983-05-07
Laís Costela,306***.***.***-53,59.0,Parque Maitê Santos, 42, Boa Viagem,SP,1966-01-18
Dr. Diego Da Mata,293***.***.***-41,21.0,Quadra de da Mota, 62, Alto Caiçaras,SP,2003-08-22
Letícia Da Mota,852***.***.***-02,31.0,Viaduto Jesus, 11, Conjunto Jatoba,RO,1993-05-24
Luna Ferreira,843***.***.***-14,55.0,Alameda Anthony Fogaça, 11, Mantiqueira,AP,1970-01-25
Dr. Emanuel Silveira,430***.***.***-80,30.0,Quadra de Fogaça, 28, Pantanal,PI,1994-04-23
Lorena Sales,263***.***.***-15,45.0,Fazenda Caldeira, Satelite, 32090552 Freitas / AM,MA,1979-12-26
Davi Da Mata,846***.***.***-39,56.0,Vila Alves, Jardim Atlântico, 71862-679 Costa / DF,DF,1969-02-19
Isabel Melo,748***.***.***-09,76.0,Feira Enrico Nogueira, 1, Itaipu,MT,1948-12-28
Raul Oliveira,298***.***.***-64,94.0,Rua Pedro Miguel da Luz, 95, Nossa Senhora Do Rosário,AM,1931-01-03
Levi Da Mata,192***.***.***-32,62.0,Vila de da Mata, Cônego Pinheiro 2ª Seção, 25940-946 Rodrigues / CE,PA,1962-10-21
Heloísa Castro,587***.***.***-44,63.0,Sítio de Cardoso, 88, Acaiaca,RN,1961-05-15
Sra. Júlia Da Paz,046***.***.***-74,38.0,Jardim Maria Sophia Ferreira, 95, Vila Nova Paraíso,PA,1986-08-19
Luana Viana,213***.***.***-21,26.0,Praça de Castro, 980, Ernesto Nascimento,SE,1998-04-01
Sr. Renan Sales,364***.***.***-83,23.0,Praça Olivia Silveira, 49, Novo Das Industrias,AL,2001-04-17
Caio Aragão,714***.***.***-62,23.0,Área de Barros, 86, Boa Esperança,BA,2001-11-19
Srta. Lavínia Ribeiro,263***.***.***-51,76.0,Alameda Gustavo Henrique Gonçalves, 50, Beija Flor,SP,1948-11-19
Sofia Da Mata,806***.***.***-84,22.0,Jardim de Lopes, 7, Planalto,SC,2002-05-16
André Araújo,819***.***.***-13,44.0,Alameda de da Mota, 94, Vila Paquetá,AC,1980-04-26
Nathan Azevedo,285***.***.***-82,86.0,Lagoa Milena Ramos, 4, Caiçara - Adelaide,RR,1939-02-12
Camila Teixeira,982***.***.***-40,47.0,Setor da Cunha, 39, Jardim Montanhês,PR,1977-08-13
Srta. Clara Souza,510***.***.***-71,26.0,Área Peixoto, 32, Flavio De Oliveira,SC,1998-08-20
Yuri Nascimento,129***.***.***-73,58.0,Vereda Matheus Azevedo, 2, Serrano,ES,1966-09-28
Srta. Marcela Gonçalves,148***.***.***-87,84.0,Praia Raul Campos, 12, Conjunto Providencia,PA,1940-11-03
João Ramos,936***.***.***-87,51.0,Jardim Enzo da Paz, 47, Vila Ouro Minas,RS,1973-08-28
Renan Rocha,720***.***.***-92,43.0,Vale Oliveira, 22, Nova Suíça,MA,1981-10-08
Sr. Caio Souza,453***.***.***-33,51.0,Conjunto Maria Vitória da Cunha, 59, Serra Do Curral,PB,1973-07-02
Clarice Farias,743***.***.***-22,56.0,Alameda Maria Fernanda Castro, 87, Maravilha,RR,1968-12-22
Marcos Vinicius Jesus,597***.***.***-00,73.0,Praça de Moraes, 588, Nova America,CE,1951-10-12
João Pedro Nunes,910***.***.***-42,35.0,Jardim de Ramos, 69, Vila Nova Gameleira 3ª Seção,MT,1989-09-16
Levi Farias,659***.***.***-52,46.0,Quadra Mendes, 42, Vila Pinho,RS,1978-12-03
Dr. Enzo Da Costa,791***.***.***-75,41.0,Campo Marcela Silveira, 66, Álvaro Camargos,SP,1983-05-07
Heloísa Alves,029***.***.***-79,87.0,Fazenda de Moraes, 637, Buraco Quente,PB,1937-10-06
Luiz Henrique Da Mota,842***.***.***-91,21.0,Recanto Alves, 105, Saudade,RO,2004-02-17
Camila Caldeira,903***.***.***-03,55.0,Lago Jesus, 71, Frei Leopoldo,MS,1969-04-23
Arthur Mendes,918***.***.***-05,51.0,Esplanada Cauã Teixeira, Jardim América, 82077031 Monteiro do Galho / SP,RO,1973-12-23
João Felipe Campos,362***.***.***-06,54.0,Praia Heitor Castro, 6, Jardim Leblon,MT,1970-03-28
Guilherme Azevedo,174***.***.***-16,62.0,Viela Benjamin Campos, 1, Pompéia,DF,1962-07-24
Dra. Laura Cunha,364***.***.***-50,47.0,Núcleo Castro, 7, Maria Helena,RR,1977-12-22
Noah Moraes,108***.***.***-12,55.0,Estrada Lucas Gabriel Caldeira, 856, João Pinheiro,GO,1969-04-03
Davi Lucca Lopes,260***.***.***-90,34.0,Trecho Freitas, 427, Alto Dos Pinheiros,MA,1990-11-27
Sophia Da Cruz,621***.***.***-15,40.0,Via Ribeiro, Flavio De Oliveira, 85013933 Lima das Flores / PR,MT,1984-07-30
Igor Da Luz,740***.***.***-85,47.0,Lago Silva, 75, Vila Oeste,BA,1977-12-16
Dr. Samuel Nascimento,692***.***.***-73,87.0,Travessa Duarte, 59, Brasil Industrial,MT,1937-07-30
Maria Fernanda Freitas,968***.***.***-28,67.0,Favela Sarah Porto, Conjunto São Francisco De Assis, 82565112 da Rosa de Goiás / DF,TO,1957-08-10
Eduarda Costa,206***.***.***-68,29.0,Morro Enzo Gabriel Teixeira, 84, Mirtes,DF,1995-10-31
Lorenzo Monteiro,069***.***.***-20,44.0,Área da Mota, 13, Minas Caixa,MS,1980-07-16
Caroline Cardoso,618***.***.***-17,52.0,Viaduto de Moreira, 1, Vera Cruz,AM,1972-09-08
Henrique Da Rocha,329***.***.***-99,22.0,Núcleo Luiz Gustavo Costela, 99, Juliana,MG,2003-01-09
Lucas Gabriel Oliveira,743***.***.***-38,52.0,Via Araújo, São Cristóvão, 08165-622 Peixoto de da Rocha / SE,RS,1972-08-04
Sr. Arthur Jesus,418***.***.***-93,97.0,Lago de Cardoso, Santa Cecilia, 78099-314 Santos do Norte / MG,MT,1927-05-27
Marcos Vinicius Da Cunha,572***.***.***-43,49.0,Viaduto de Cardoso, Inconfidência, 16426-137 Castro / PA,AP,1976-01-16
Antônio Nogueira,061***.***.***-71,20.0,Quadra de da Mata, 49, Ouro Minas,PE,2004-08-11
Sophia Monteiro,601***.***.***-15,91.0,Núcleo Araújo, 155, Lindéia,MG,1933-10-22
Dr. Leandro Silva,497***.***.***-85,57.0,Estação Silva, 18, Serra,PE,1967-12-07
Amanda Farias,185***.***.***-08,,Praia Lavínia Moraes, 29, Conjunto Jatoba,RJ,1924-07-31
Srta. Luna Peixoto,912***.***.***-23,54.0,Fazenda Rafaela Costela, 37, Havaí,AP,1970-12-14
Sr. Igor Campos,183***.***.***-62,55.0,Fazenda Ferreira, 849, Lagoa,TO,1969-08-17
Maria Sophia Correia,948***.***.***-75,99.0,Residencial Alana Dias, 51, Vitoria,TO,1925-10-03
Bruno Da Cruz,293***.***.***-73,23.0,Rua Evelyn da Cunha, 2, Alta Tensão 1ª Seção,ES,2001-06-02
Amanda Cavalcanti,351***.***.***-00,56.0,Fazenda de Duarte, 99, São Sebastião,RR,1968-12-13
Bruno Melo,721***.***.***-52,59.0,Trevo de da Costa, 7, Esplanada,RR,1965-06-26
Dra. Elisa Nunes,875***.***.***-05,36.0,Vale Erick Moreira, 48, Vila Nova Cachoeirinha 2ª Seção,RN,1989-01-12
Calebe Ramos,942***.***.***-40,60.0,Parque de Moraes, 36, Gutierrez,RS,1964-05-05
Sr. Arthur Moraes,306***.***.***-87,81.0,Passarela Lima, 87, Jatobá,RR,1943-10-01
Júlia Silveira,913***.***.***-57,74.0,Pátio Vitor Gabriel Rocha, São João Batista, 91484973 Pereira da Prata / SC,RJ,1950-11-18
Sra. Isabelly Silva,732***.***.***-00,35.0,Rodovia Agatha Lopes, 7, Vila São Gabriel,PA,1989-08-28
Dr. Otávio Azevedo,457***.***.***-30,80.0,Aeroporto de Ferreira, 2, Santa Helena,PE,1944-11-09
Maria Cecília Aragão,264***.***.***-49,,Trevo Aragão, 535, Salgado Filho,SP,1925-01-09
Noah Da Rosa,742***.***.***-22,59.0,Avenida Ferreira, 7, Antonio Ribeiro De Abreu 1ª Seção,PE,1965-05-02
Sra. Laura Azevedo,540***.***.***-71,38.0,Viaduto Marcelo Ramos, Universo, 53602-558 Cunha do Galho / SP,RN,1986-06-16
Dr. Francisco Moreira,702***.***.***-08,25.0,Núcleo Silva, 7, Jaraguá,RO,1999-08-25
Mariane Das Neves,912***.***.***-05,45.0,Rodovia de Freitas, 782, Parque São José,PI,1979-10-27
Enzo Monteiro,309***.***.***-56,34.0,Quadra Silveira, 76, João Paulo Ii,PI,1990-09-15
Diego Da Rocha,093***.***.***-83,37.0,Conjunto da Rosa, 22, Pindura Saia,PI,1988-01-24
Ana Laura Da Cruz,798***.***.***-49,87.0,Parque Rodrigues, Vila Da Amizade, 99639-698 Costa / RO,ES,1937-04-28
Ana Sophia Gomes,384***.***.***-46,45.0,Lagoa Porto, 44, Unidas,PE,1979-07-27
Ana Laura Costa,502***.***.***-85,53.0,Vila Sales, 913, Bela Vitoria,RS,1971-08-17
Felipe Souza,187***.***.***-84,56.0,Setor Peixoto, 47, Palmeiras,PA,1968-09-30
Luana Novaes,287***.***.***-87,79.0,Parque Luiz Gustavo da Conceição, 34, Santa Margarida,CE,1945-12-05
Sra. Yasmin Nogueira,360***.***.***-15,49.0,Lago de Rocha, 482, Belmonte,GO,1975-10-29
Benício Melo,904***.***.***-67,22.0,Recanto Maitê Pereira, Vila Suzana Primeira Seção, 94645-027 Silva / DF,RN,2002-12-07
Daniela Aragão,726***.***.***-53,59.0,Feira Otávio Pereira, 93, Piraja,PB,1965-07-06
Davi Luiz Sales,740***.***.***-13,45.0,Trecho João Gabriel Pires, 64, Nova Pampulha,AP,1979-07-24
Milena Souza,904***.***.***-70,86.0,Praça de Ribeiro, 9, Santa Inês,BA,1938-10-08
Maria Eduarda Ferreira,438***.***.***-60,75.0,Passarela de Caldeira, Vila Sesc, 50710-500 Cunha de Dias / AP,RO,1949-09-28
Sr. Diogo Lima,302***.***.***-00,30.0,Estrada Danilo Monteiro, Conjunto Califórnia Ii, 38793-887 da Mata Alegre / BA,MT,1994-12-06
Dr. Carlos Eduardo Araújo,496***.***.***-47,40.0,Rodovia Sophia Rodrigues, 88, Vila Independencia 2ª Seção,PR,1984-11-09
Marina Gomes,934***.***.***-00,99.0,Lagoa Souza, Copacabana, 16768543 Monteiro / ES,SC,1925-12-25
Gustavo Henrique Duarte,254***.***.***-60,24.0,Área Ana Sophia Pereira, 32, Minas Caixa,MG,2000-05-29
Caio Ramos,832***.***.***-73,28.0,Viaduto de Sales, 92, Buraco Quente,PB,1996-11-06
Rafael Nunes,462***.***.***-19,89.0,Núcleo Monteiro, 504, São Bernardo,MT,1935-04-10
Enzo Gabriel Cardoso,726***.***.***-67,38.0,Núcleo Ribeiro, Vila Nova Cachoeirinha 1ª Seção, 13917300 Ferreira das Flores / PE,SP,1987-01-26
Davi Cardoso,065***.***.***-90,19.0,Praça Ana Júlia Rezende, 38, Vila Coqueiral,RS,2005-07-25
Daniel Pires,274***.***.***-47,40.0,Avenida Bruna Rodrigues, 724, Diamante,PB,1984-06-13
Brenda Da Mata,532***.***.***-19,44.0,Pátio Rocha, 75, Havaí,CE,1980-02-29
Samuel Dias,852***.***.***-24,39.0,Viaduto Enzo Gabriel Moreira, 72, Vila Real 2ª Seção,RN,1985-11-17
Gustavo Henrique Da Costa,917***.***.***-50,19.0,Residencial Ribeiro, 60, Flamengo,AL,2005-03-08
Theo Fogaça,091***.***.***-05,49.0,Travessa Cardoso, 95, Alta Tensão 1ª Seção,AC,1975-06-26
Sra. Alexia Carvalho,483***.***.***-71,24.0,Quadra Lorenzo Pires, Vila Olhos D'água, 03485618 da Rosa de Correia / AC,RO,2000-03-31
Juliana Martins,432***.***.***-56,85.0,Campo de Souza, Vila Jardim São José, 04692667 Carvalho / RR,BA,1939-06-04
Luiz Gustavo Da Rosa,280***.***.***-97,86.0,Via de da Paz, 5, Dona Clara,PR,1938-06-09
Gabriela Freitas,367***.***.***-26,30.0,Trevo Carvalho, 9, Grajaú,RN,1994-03-10
Enzo Gabriel Vieira,812***.***.***-76,23.0,Travessa Novaes, Boa Vista, 29032951 Aragão / TO,RJ,2002-01-28
Srta. Luna Nascimento,815***.***.***-60,70.0,Passarela de Nascimento, 916, João Paulo Ii,RJ,1954-06-13
Sophie Da Mata,971***.***.***-97,71.0,Avenida de Almeida, 78, Vila Atila De Paiva,MA,1953-04-10
Clarice Alves,973***.***.***-65,23.0,Avenida Heloísa Costa, Cabana Do Pai Tomás, 54742254 Cavalcanti / AC,MT,2001-12-02
Catarina Rodrigues,138***.***.***-84,85.0,Núcleo Farias, 97, Lourdes,PR,1939-11-26
Antônio Vieira,017***.***.***-53,90.0,Favela de Lopes, 473, Lagoinha Leblon,SE,1934-10-25
Dr. Nicolas Da Conceição,105***.***.***-80,26.0,Quadra Mariana Costela, 87, Grajaú,RR,1998-06-04
Maria Alice Da Costa,290***.***.***-92,89.0,Rua Cardoso, 76, Olhos D'água,AP,1936-02-17
Sr. Lucca Martins,906***.***.***-70,57.0,Pátio Paulo da Rosa, 93, Belvedere,TO,1967-08-30
João Pedro Costa,532***.***.***-41,69.0,Feira Cardoso, Conjunto Minas Caixa, 88969-195 da Mata / RN,CE,1955-09-12
Maitê Gonçalves,034***.***.***-20,98.0,Distrito Giovanna Rodrigues, 37, Marieta 3ª Seção,AC,1926-09-20
Ana Laura Ferreira,326***.***.***-74,73.0,Estrada de Ramos, Garças, 28169898 Santos das Pedras / RO,PR,1952-01-29
Sabrina Da Mata,172***.***.***-02,31.0,Viela de Moraes, 56, Vila Maria,RS,1994-01-31
Alexandre Das Neves,183***.***.***-24,94.0,Área de Novaes, 52, Itapoa,AC,1930-07-19
Isadora Da Cunha,471***.***.***-31,55.0,Viaduto Freitas, 622, Jardim Atlântico,MG,1969-08-31
Dr. Luigi Fernandes,834***.***.***-55,73.0,Distrito Thomas Pires, 77, Bairro Das Indústrias Ii,AP,1951-07-16
Sr. Yago Cavalcanti,758***.***.***-05,93.0,Estrada Melo, Vila Independencia 3ª Seção, 33664610 Cardoso / AM,AP,1931-03-01
Carolina Peixoto,396***.***.***-96,64.0,Loteamento Dias, 21, Camponesa 1ª Seção,AM,1960-06-26
Ana Lívia Porto,067***.***.***-44,75.0,Colônia Vieira, 6, Milionario,MS,1949-09-26
Henrique Da Mata,896***.***.***-74,34.0,Aeroporto Vinicius Rezende, 18, Conjunto São Francisco De Assis,RJ,1990-12-25
Enrico Aragão,490***.***.***-75,94.0,Praça Almeida, 95, Vila Novo São Lucas,BA,1930-06-30
Milena Cavalcanti,523***.***.***-70,26.0,Trecho Kevin Castro, 70, São Geraldo,TO,1998-09-15
Davi Lucca Melo,731***.***.***-14,96.0,Passarela Kamilly Moreira, 704, Cardoso,GO,1928-02-22
Clarice Fernandes,192***.***.***-73,88.0,Vereda Jesus, 7, Esplanada,PA,1936-12-27
Dr. Luiz Fernando Das Neves,146***.***.***-37,58.0,Viaduto de Martins, 24, Vila Antena,CE,1966-02-21
Caio Azevedo,428***.***.***-82,73.0,Largo Cardoso, 23, Vila Nova Gameleira 2ª Seção,SP,1951-03-04
Enrico Novaes,457***.***.***-38,74.0,Vila Heloísa Barbosa, 666, Conjunto São Francisco De Assis,PA,1950-11-08
Ana Clara Moreira,075***.***.***-53,88.0,Residencial de Aragão, Andiroba, 91004-368 Cardoso / SC,PI,1936-12-15
Enrico Ribeiro,965***.***.***-66,26.0,Loteamento Lopes, 2, Vila Satélite,PR,1998-02-24
Evelyn Aragão,548***.***.***-07,86.0,Estrada Rebeca Caldeira, 440, Marçola,ES,1938-04-19
Thales Moreira,406***.***.***-07,64.0,Quadra Farias, Jardim Guanabara, 71294724 Caldeira / RO,RR,1960-07-31
Heitor Mendes,097***.***.***-61,57.0,Lagoa de Farias, Alta Tensão 2ª Seção, 86838429 Pires / AL,AM,1968-01-13
Sarah Nascimento,938***.***.***-10,41.0,Largo de da Costa, 400, Vila Jardim Alvorada,RO,1983-05-14
Sra. Yasmin Melo,510***.***.***-49,19.0,Loteamento Almeida, 821, Conjunto Santa Maria,PE,2005-07-22
Sr. Marcelo Costela,895***.***.***-38,24.0,Chácara Clarice da Costa, 135, Cardoso,PI,2000-08-16
Maria Cecília Araújo,752***.***.***-52,76.0,Distrito Nathan Melo, 3, Universitário,MG,1948-03-20
Enzo Gabriel Ribeiro,965***.***.***-02,64.0,Recanto Nunes, 87, Vila União,RR,1960-06-20
Miguel Da Rosa,168***.***.***-03,44.0,Esplanada Carvalho, 8, Paulo Vi,GO,1980-04-24
Maria Vitória Ferreira,914***.***.***-69,24.0,Lago Lima, 6, Providencia,CE,2000-11-09
Sr. Vitor Gabriel Gomes,348***.***.***-60,49.0,Vale Costela, 49, Jonas Veiga,AL,1975-11-29
Bianca Pinto,541***.***.***-06,81.0,Lagoa Sales, 43, Vila Santa Monica 2ª Seção,GO,1943-05-29
Igor Melo,519***.***.***-39,97.0,Viaduto Nogueira, Grota, 13502920 Ferreira do Norte / RO,SP,1927-03-31
Sra. Vitória Carvalho,528***.***.***-38,36.0,Jardim Fernanda Moura, 767, Cdi Jatoba,MT,1989-02-20
Sofia Duarte,412***.***.***-28,19.0,Morro Isaac Freitas, 543, Vila Nova Cachoeirinha 2ª Seção,RN,2005-07-09
Brenda Nogueira,160***.***.***-33,57.0,Pátio de Almeida, 4, Mala E Cuia,AM,1967-07-23
Rafael Fogaça,569***.***.***-68,93.0,Setor de da Rosa, 401, Nova Vista,MA,1931-03-04
Ana Nascimento,295***.***.***-61,73.0,Chácara de Martins, 14, Nossa Senhora Do Rosário,AP,1951-11-22
Dr. Juan Da Rocha,475***.***.***-80,75.0,Ladeira de da Mota, 16, Vila Jardim Leblon,AM,1949-10-02
Ana Laura Rocha,531***.***.***-70,33.0,Sítio Thomas Rodrigues, 41, São Damião,PI,1992-01-11
Maria Alice Da Rocha,906***.***.***-22,91.0,Travessa de Correia, 46, Guarani,SP,1933-12-22
Elisa Lopes,790***.***.***-30,,Passarela Alexandre da Cunha, Vila Coqueiral, 15467-423 Cunha / RR,MT,1924-07-02
Davi Lucca Pereira,597***.***.***-60,71.0,Jardim de Barros, 16, Vila Califórnia,AM,1954-01-28
Marina Fogaça,410***.***.***-20,62.0,Praça Luiz Henrique Correia, 81, Guaratã,GO,1962-04-07
Bernardo Ramos,105***.***.***-98,81.0,Lagoa Luiza Gonçalves, 979, Piratininga,AP,1943-09-03
Ana Lívia Lopes,971***.***.***-02,64.0,Parque de Barbosa, 57, Anchieta,CE,1960-11-10
Miguel Silva,920***.***.***-00,40.0,Ladeira das Neves, 9, Nova Floresta,RO,1984-02-28
Sr. Arthur Da Cruz,693***.***.***-38,84.0,Lago de Cavalcanti, Vila Betânia, 10086-430 Nunes / TO,SE,1940-06-24
Julia Da Mota,571***.***.***-20,76.0,Feira Nogueira, 68, Santo Antônio,RJ,1948-09-30
Agatha Rocha,853***.***.***-30,53.0,Setor de Dias, São Benedito, 48841767 Sales da Serra / RS,AL,1971-11-01
Isabel Cardoso,608***.***.***-40,96.0,Campo da Mata, 42, Morro Dos Macacos,MS,1928-08-11
Marcos Vinicius Moura,451***.***.***-19,65.0,Parque Dias, 687, Paulo Vi,RJ,1959-11-29
Levi Da Cunha,718***.***.***-75,99.0,Colônia de Viana, 6, Pongelupe,AL,1925-04-28
Cauã Vieira,427***.***.***-61,77.0,Via da Mata, Bernadete, 38006-140 Campos / RO,PI,1947-07-29
Maria Alice Ferreira,105***.***.***-80,38.0,Praça de Duarte, 194, Guarani,AP,1986-05-01
Dra. Isabelly Souza,725***.***.***-30,34.0,Campo de Moura, 60, Primeiro De Maio,DF,1990-05-23
Heitor Rezende,174***.***.***-39,73.0,Área Duarte, 628, Conjunto Lagoa,AC,1951-09-28
Maria Vitória Jesus,493***.***.***-70,48.0,Sítio de Moura, 13, Paraíso,RR,1977-02-16
Emanuel Duarte,762***.***.***-76,21.0,Rua de Fogaça, 71, Ouro Preto,SC,2003-02-23
Ian Lima,163***.***.***-66,87.0,Rua de Martins, 9, União,RR,1937-07-05
Vitor Alves,687***.***.***-22,28.0,Esplanada Ana Laura Oliveira, 667, Ribeiro De Abreu,DF,1996-06-13
Rafael Ramos,946***.***.***-84,70.0,Esplanada Almeida, 4, Vila Fumec,AL,1954-05-17
Ryan Da Cunha,412***.***.***-52,87.0,Morro de Cardoso, Camponesa 2ª Seção, 49627-572 Dias de da Paz / GO,SE,1937-11-04
Maria Da Cunha,539***.***.***-06,78.0,Residencial de Duarte, Vila União, 83800-181 Jesus do Sul / PE,RJ,1946-10-07
Srta. Milena Cardoso,832***.***.***-40,66.0,Praça Almeida, 71, Capitão Eduardo,BA,1958-03-07
Bryan Ramos,043***.***.***-89,31.0,Praia Costa, 35, Jardim Leblon,RR,1993-10-30
Luigi Santos,273***.***.***-52,38.0,Via Luigi Peixoto, 61, São Gabriel,AP,1987-01-04
Isabella Duarte,023***.***.***-17,44.0,Estrada Diogo da Mata, 91, Vila Nova Cachoeirinha 3ª Seção,ES,1980-09-28
Sophie Azevedo,214***.***.***-49,98.0,Rua Kaique Freitas, 8, Universo,AM,1926-08-11
Matheus Carvalho,592***.***.***-09,61.0,Viela de Almeida, União, 65843844 Barbosa / RN,MG,1963-08-31
Júlia Da Cruz,714***.***.***-39,95.0,Lagoa João Pedro Alves, Das Industrias I, 30340295 Oliveira de Goiás / PB,GO,1930-02-12
Vitor Peixoto,489***.***.***-06,77.0,Trevo de Cardoso, 40, Vale Do Jatoba,MS,1947-07-24
Amanda Castro,305***.***.***-41,44.0,Favela Erick Pereira, 672, Vila Copacabana,RR,1980-04-05
Lucas Lima,240***.***.***-01,92.0,Vale Igor Castro, 928, Maravilha,BA,1932-06-16
Raquel Ramos,052***.***.***-25,67.0,Vereda de Costa, 27, Madre Gertrudes,RR,1957-10-16
Dra. Rebeca Nascimento,431***.***.***-37,83.0,Residencial Nogueira, 954, Vila Oeste,TO,1941-04-07
Theo Da Conceição,846***.***.***-46,29.0,Fazenda Maria Ribeiro, 81, Vila São Paulo,AC,1995-03-22
Thiago Da Cunha,631***.***.***-24,91.0,Viela de Aragão, 291, União,RO,1933-06-08
Davi Lucas Moreira,169***.***.***-02,60.0,Estrada de da Costa, 92, Vila Do Pombal,SE,1964-12-30
Helena Costela,950***.***.***-68,29.0,Colônia de Fogaça, 78, Vila Aeroporto Jaraguá,RR,1996-02-01
Beatriz Peixoto,243***.***.***-96,81.0,Campo de Moura, 904, Alto Caiçaras,BA,1943-04-11
Luigi Fernandes,846***.***.***-20,49.0,Estação Igor Cunha, 21, Pilar,RR,1976-02-02
Gabrielly Almeida,831***.***.***-14,67.0,Estrada da Conceição, 23, Indaiá,PA,1958-01-11
Samuel Sales,439***.***.***-55,76.0,Morro de Costela, 73, Vila Da Luz,RO,1948-08-19
Dr. Otávio Costa,095***.***.***-59,37.0,Chácara da Conceição, 2, Juliana,CE,1987-08-09
Srta. Ana Beatriz Da Mata,429***.***.***-67,92.0,Feira de Martins, 79, Vitoria Da Conquista,AL,1933-01-28
João Rodrigues,594***.***.***-76,26.0,Colônia Duarte, 56, Marmiteiros,PE,1999-02-19
Nathan Farias,521***.***.***-32,40.0,Travessa Joana Gonçalves, 44, Lajedo,MT,1985-01-12
Dr. Rafael Pereira,581***.***.***-55,57.0,Sítio Isis Campos, 81, Distrito Industrial Do Jatoba,AP,1967-07-15
Júlia Pereira,871***.***.***-12,30.0,Lagoa Santos, Petropolis, 36901-640 da Cunha / MT,BA,1995-02-08
Dra. Laura Barbosa,031***.***.***-04,68.0,Ladeira de Moura, 84, Nova Suíça,MG,1956-12-23
Juliana Pinto,385***.***.***-93,71.0,Rodovia Sales, 21, Vila Canto Do Sabiá,RS,1953-12-18
Joana Monteiro,138***.***.***-39,56.0,Parque de Costela, 668, Aguas Claras,AC,1968-09-29
Dr. Yago Da Rocha,698***.***.***-28,76.0,Fazenda Cavalcanti, 859, Alto Barroca,RO,1948-06-15
Miguel Nogueira,869***.***.***-22,57.0,Quadra de Ferreira, Cenaculo, 49974-369 Barbosa Alegre / PI,PI,1967-07-12
Isadora Da Rocha,725***.***.***-70,96.0,Via Igor da Mata, 81, Laranjeiras,AP,1929-02-20
Clara Costela,380***.***.***-50,82.0,Trevo João Pedro Araújo, 7, Sagrada Família,AL,1942-07-13
Dr. Enzo Gabriel Rocha,473***.***.***-61,62.0,Condomínio da Cunha, 4, Unidas,AL,1962-04-03
Maysa Monteiro,615***.***.***-44,95.0,Parque Henrique Teixeira, 32, Grotinha,SC,1929-10-27
Maria Alice Da Rosa,710***.***.***-66,30.0,Vereda Silveira, 8, Bom Jesus,PB,1994-05-09
Maysa Lopes,196***.***.***-76,61.0,Avenida de Araújo, 28, Esplanada,MT,1963-05-30
Srta. Yasmin Jesus,586***.***.***-44,92.0,Fazenda Letícia Costela, 6, Petropolis,PA,1932-05-28
Mariana Costela,372***.***.***-00,39.0,Campo Peixoto, 75, Independência,RN,1985-11-09
Clara Almeida,842***.***.***-92,36.0,Parque Eloah Costa, 91, São Geraldo,AL,1988-11-23
Sofia Aragão,687***.***.***-08,36.0,Rua de Santos, 955, Ambrosina,MS,1988-08-13
Elisa Barros,546***.***.***-20,28.0,Estrada Sales, 13, Jardim Felicidade,ES,1997-01-19
Joana Silva,349***.***.***-57,25.0,Chácara Miguel Fogaça, Laranjeiras, 52800515 Souza Verde / PE,PE,1999-09-19
Lorenzo Porto,812***.***.***-13,64.0,Avenida de Araújo, 1, Nossa Senhora Da Aparecida,MG,1960-05-14
Vitória Barbosa,583***.***.***-77,48.0,Vale de Monteiro, 267, Marieta 2ª Seção,SP,1976-10-19
Alícia Da Rosa,035***.***.***-51,84.0,Trecho Luana Barros, 338, Santa Maria,MA,1940-04-05
Lucas Monteiro,739***.***.***-75,98.0,Parque Enzo Almeida, 62, Piratininga,AL,1926-12-11
Rodrigo Caldeira,816***.***.***-37,48.0,Condomínio Joana Lima, Piratininga, 68175-021 Aragão / MT,BA,1976-12-22
Luna Rezende,456***.***.***-57,52.0,Esplanada Matheus da Costa, 90, Paulo Vi,RR,1972-05-21
Diogo Rezende,680***.***.***-24,81.0,Residencial Novaes, 84, Vila Da Amizade,BA,1943-12-01
Anthony Da Costa,805***.***.***-21,66.0,Praia Ian da Mota, 383, Nova Cintra,SC,1959-01-09
Maria Cecília Vieira,716***.***.***-55,59.0,Rodovia Emanuel da Cruz, Nova Esperança, 55412380 Barbosa / PE,AM,1965-07-10
Sra. Maria Julia Novaes,019***.***.***-01,43.0,Ladeira da Cruz, 635, Coqueiros,PB,1981-04-27
João Pedro Peixoto,243***.***.***-55,65.0,Trecho Cavalcanti, 3, Acaba Mundo,AC,1960-02-10
Alana Fernandes,198***.***.***-09,48.0,Estação Rocha, 975, Marieta 2ª Seção,TO,1976-08-29
Sra. Mirella Rezende,247***.***.***-50,51.0,Vale de Cavalcanti, 98, Vila Havaí,AC,1973-08-29
Gabrielly Moreira,608***.***.***-62,53.0,Lago Caldeira, 363, Barão Homem De Melo 1ª Seção,MT,1971-09-18
Sra. Sofia Souza,605***.***.***-48,91.0,Vila Gomes, 366, Serra,GO,1933-06-14
Mariane Melo,735***.***.***-77,75.0,Rodovia Ana Beatriz Cardoso, 97, Etelvina Carneiro,SC,1949-12-16
Lorena Souza,048***.***.***-49,37.0,Vereda Sales, 83, Ouro Minas,AP,1987-06-15
Fernando Da Mata,280***.***.***-08,28.0,Ladeira Clara da Cruz, 37, Aparecida 7ª Seção,PI,1996-06-30
Laura Cardoso,821***.***.***-17,30.0,Setor de Costa, 1, Nova America,AL,1994-04-26
Marina Da Cruz,724***.***.***-26,52.0,Avenida Castro, 718, Santo Agostinho,PI,1972-06-21
Maria Rocha,163***.***.***-03,40.0,Recanto Isabel da Conceição, 6, Vila Madre Gertrudes 4ª Seção,MS,1984-11-02
Pedro Henrique Almeida,318***.***.***-57,47.0,Núcleo de Rodrigues, 95, Maria Virgínia,AP,1977-08-25
Dr. Davi Luiz Nunes,604***.***.***-16,89.0,Setor de Barros, 58, Vila Ouro Minas,AP,1935-08-19
Vitor Gabriel Costela,175***.***.***-43,57.0,Praia Pietra Caldeira, 60, Túnel De Ibirité,MS,1967-04-15
Dr. Luigi Barbosa,641***.***.***-39,,Quadra Yasmin Caldeira, 4, Salgado Filho,DF,1924-11-24
Rodrigo Azevedo,687***.***.***-75,23.0,Praia de Nogueira, Califórnia, 47799937 Rodrigues / ES,MG,2001-12-06
Pedro Henrique Cardoso,324***.***.***-04,51.0,Rua de Castro, 65, Vila Jardim São José,ES,1973-05-31
Sr. João Cardoso,032***.***.***-74,19.0,Pátio Antônio da Mota, 79, Maria Virgínia,GO,2005-03-03
Maria Julia Nunes,381***.***.***-35,77.0,Setor de Ferreira, Lorena, 53700673 da Luz / RN,MT,1947-10-09
Fernanda Duarte,453***.***.***-15,24.0,Vereda da Rocha, 6, Bandeirantes,AM,2000-10-31
Marcos Vinicius Oliveira,280***.***.***-95,81.0,Parque de Azevedo, 8, Lagoinha Leblon,MS,1943-03-02
Leandro Aragão,124***.***.***-32,,Campo Gabriela Rodrigues, 9, Piraja,RO,1924-10-17
Maria Alice Vieira,832***.***.***-44,69.0,Via Nogueira, 82, Andiroba,AL,1955-05-04
Ana Luiza Jesus,541***.***.***-91,66.0,Sem endereco,,,BA,1958-06-14
Guilherme Cardoso,197***.***.***-21,72.0,Trevo Nicole da Cruz, 7, Conjunto Providencia,SC,1952-03-27
Luiz Felipe Azevedo,439***.***.***-52,49.0,Campo Erick Fernandes, 464, São Benedito,RN,1975-03-19
Nathan Araújo,813***.***.***-89,61.0,Quadra de Martins, Nazare, 23016-369 Oliveira de Minas / AM,PR,1963-06-14
Clara Ferreira,467***.***.***-28,80.0,Fazenda de Ferreira, 76, Conjunto Paulo Vi,GO,1945-01-22
Felipe Da Mata,634***.***.***-69,86.0,Estrada Gabrielly Rocha, 634, Ouro Minas,RO,1938-12-02
Enzo Gabriel Azevedo,789***.***.***-48,68.0,Estação Cardoso, 175, Barão Homem De Melo 1ª Seção,PA,1956-04-27
Maitê Barbosa,231***.***.***-07,21.0,Estrada Duarte, 37, Marmiteiros,DF,2003-05-18
Srta. Isis Da Cruz,073***.***.***-78,90.0,Praia Moreira, 20, São Jorge 2ª Seção,RO,1934-08-30
Otávio Da Mata,835***.***.***-29,52.0,Largo de da Cruz, 431, Mangueiras,PR,1972-05-06
Sophie Castro,165***.***.***-09,41.0,Trevo de Moraes, 78, Bairro Das Indústrias Ii,RN,1983-05-27
Diogo Da Cunha,263***.***.***-60,34.0,Distrito Kaique Costa, 17, Novo Glória,MA,1990-05-29
Benício Fernandes,389***.***.***-77,31.0,Condomínio da Cunha, 964, Conjunto Califórnia I,AL,1993-09-13
João Pedro Silva,523***.***.***-06,46.0,Praia de Almeida, 38, Vila Nova Gameleira 3ª Seção,PE,1978-12-25
Heloísa Cunha,260***.***.***-83,21.0,Aeroporto Santos, 94, Ademar Maldonado,PE,2003-11-15
Bruno Novaes,190***.***.***-93,73.0,Alameda de da Mata, 18, Barroca,AP,1951-04-05
Levi Cavalcanti,291***.***.***-55,80.0,Aeroporto Aragão, 8, Guarani,BA,1944-03-25
João Pedro Lopes,407***.***.***-96,54.0,Vereda Daniel Gonçalves, 6, Bacurau,SP,1970-04-15
Heloísa Da Luz,569***.***.***-57,62.0,Conjunto de Cunha, 63, Estrela,RO,1963-01-03
Lorena Gomes,298***.***.***-65,20.0,Rodovia de Cavalcanti, 47, Capitão Eduardo,SE,2004-03-18
Milena Vieira,623***.***.***-51,98.0,Loteamento Thiago Fernandes, 51, Graça,DF,1927-01-05
Milena Ramos,160***.***.***-34,47.0,Praça Breno Ribeiro, Vista Do Sol, 12554-127 Viana de Jesus / PB,SP,1977-09-06
Vitor Hugo Ramos,286***.***.***-78,74.0,Viela Alice Nogueira, 65, Olaria,DF,1951-02-14
Ana Julia Nascimento,197***.***.***-31,64.0,Aeroporto Cavalcanti, Coqueiros, 47705002 Farias / SE,PA,1960-10-04
Dr. Enrico Carvalho,254***.***.***-00,55.0,Travessa de Santos, Garças, 00882775 Nogueira do Oeste / MT,PE,1969-04-10
Vitor Hugo Cunha,701***.***.***-39,92.0,Passarela Isis Porto, 38, Capitão Eduardo,SC,1933-02-02
Dr. Samuel Moura,402***.***.***-05,23.0,Parque Daniel Pinto, 7, Vista Alegre,DF,2001-11-24
Luana Nascimento,314***.***.***-50,31.0,Vila Letícia da Paz, 17, Marajó,MS,1993-12-13
Dra. Maria Vitória Viana,250***.***.***-00,98.0,Colônia de Moura, Morro Dos Macacos, 29779-356 Campos / PR,PE,1926-03-20
Sr. Calebe Duarte,936***.***.***-04,61.0,Alameda João Pedro Castro, 14, Vila Fumec,BA,1963-05-07
Leonardo Costela,624***.***.***-29,32.0,Via de Jesus, Caetano Furquim, 82505-115 Costa do Galho / MG,MA,1992-11-16
Benício Moreira,136***.***.***-24,45.0,Feira Marcos Vinicius da Cruz, 317, Leonina,DF,1980-01-21
Lucca Mendes,819***.***.***-76,84.0,Via de Ferreira, 44, Cidade Jardim,AP,1940-10-16
Sophie Farias,741***.***.***-00,88.0,Aeroporto de Ribeiro, 65, Mariquinhas,SP,1936-05-09
Bruna Da Rocha,845***.***.***-19,63.0,Loteamento Otávio Freitas, 74, Camponesa 2ª Seção,MT,1961-06-10
Heitor Nascimento,493***.***.***-84,82.0,Área Maria Fernanda Pinto, Nova Pampulha, 46952516 Cunha / MT,AC,1942-06-30
Rafael Porto,629***.***.***-30,28.0,Alameda da Mata, 64, Vila Boa Vista,ES,1996-04-24
Luiz Miguel Da Paz,647***.***.***-80,31.0,Estrada de Ribeiro, 73, Buritis,PB,1993-06-20
Srta. Pietra Duarte,913***.***.***-04,96.0,Aeroporto de Nascimento, 13, Pongelupe,RR,1928-07-02
Eloah Cunha,908***.***.***-60,23.0,Chácara de Costa, 62, Aparecida,PE,2001-10-13
Bruna Rodrigues,625***.***.***-67,22.0,Campo da Costa, 719, Olaria,RN,2002-04-06
Felipe Monteiro,172***.***.***-68,98.0,Quadra de Monteiro, 43, Novo Das Industrias,AM,1926-12-21
Isis Campos,178***.***.***-41,39.0,Estrada Pereira, Vila Batik, 49494827 Fernandes / PE,RS,1986-01-03
Vitor Novaes,586***.***.***-08,78.0,Lagoa de da Rocha, 60, Jardim Atlântico,SP,1946-07-07
Yago Porto,907***.***.***-01,43.0,Parque Alícia Cavalcanti, 234, Vila Piratininga,TO,1981-07-29
Guilherme Campos,354***.***.***-79,56.0,Largo de Duarte, 24, Barro Preto,GO,1968-11-20
Vitor Moraes,297***.***.***-99,26.0,Campo Enrico Lima, 20, Trevo,RS,1998-04-02
João Gabriel Jesus,790***.***.***-01,99.0,Favela Martins, 7, Barão Homem De Melo 2ª Seção,TO,1925-06-10
Dr. Vitor Hugo Rezende,796***.***.***-58,29.0,Ladeira Barros, 84, Xodo-Marize,MT,1995-06-07
Dr. Arthur Carvalho,081***.***.***-97,39.0,Jardim Silveira, 35, Dona Clara,RS,1985-12-10
Ryan Mendes,239***.***.***-55,46.0,Viaduto Evelyn Ribeiro, 56, Dom Silverio,PI,1978-04-27
Ana Laura Silva,485***.***.***-47,78.0,Campo de Farias, 77, Paulo Vi,PI,1946-04-24
Lorenzo Novaes,370***.***.***-05,45.0,Loteamento Alice Freitas, 3, Santa Lúcia,SE,1979-08-31
Cauê Cardoso,019***.***.***-60,19.0,Trecho Alícia Monteiro, 61, São Jorge 3ª Seção,SC,2005-08-09
Dra. Ana Luiza Silveira,324***.***.***-40,83.0,Alameda Pinto, 59, Cinquentenário,AL,1941-05-07
Lavínia Azevedo,318***.***.***-03,76.0,Condomínio Larissa Teixeira, 216, Olhos D'água,RR,1948-10-17
Letícia Jesus,451***.***.***-19,77.0,Vale de da Mata, 75, Bela Vitoria,MS,1947-04-25
Bruna Ribeiro,352***.***.***-10,72.0,Trevo Beatriz Cardoso, Prado, 69816-364 Silveira de da Cunha / AP,DF,1952-09-11
Theo Da Mata,758***.***.***-44,66.0,Feira Souza, 65, Santa Helena,MS,1958-08-04
João Gabriel Porto,956***.***.***-91,52.0,Fazenda Luiza Campos, 62, Horto,SP,1972-08-14
Maria Julia Freitas,178***.***.***-53,74.0,Loteamento de Gomes, 86, Liberdade,AM,1950-08-31
Dr. Otávio Barros,683***.***.***-21,27.0,Condomínio Marina Costela, 29, Morro Dos Macacos,SP,1997-04-16
Yasmin Gomes,827***.***.***-35,,Feira Letícia Nascimento, 5, Unidas,SE,1924-06-28
Sofia Novaes,576***.***.***-83,45.0,Aeroporto de Ribeiro, 57, Coração De Jesus,PR,1979-07-31
Ian Da Luz,152***.***.***-77,36.0,Feira Moura, 2, Das Industrias I,RS,1988-10-26
Davi Luiz Souza,857***.***.***-53,77.0,Favela Peixoto, 76, Mangueiras,SC,1947-10-04
Cecília Araújo,032***.***.***-26,20.0,Distrito Rezende, 61, Jardim América,AP,2004-08-02
Luiz Gustavo Duarte,381***.***.***-44,60.0,Favela Caldeira, 98, Maria Helena,TO,1964-10-03
Ana Julia Cardoso,704***.***.***-88,28.0,Chácara Campos, 423, Vila São Geraldo,RO,1996-10-19
Gabrielly Lima,560***.***.***-30,99.0,Parque Alves, 70, Flavio De Oliveira,RO,1925-06-30
Heloísa Ribeiro,437***.***.***-37,64.0,Sítio Luiz Gustavo Cunha, Nova Vista, 04718173 Cardoso de Rocha / RJ,ES,1960-12-19
Letícia Costa,530***.***.***-70,44.0,Viela Yago Oliveira, 70, Serrano,SP,1980-05-19
Ana Beatriz Da Rocha,438***.***.***-04,80.0,Alameda João Fernandes, 25, Estrela Do Oriente,RO,1944-12-18
Benjamin Moura,975***.***.***-97,22.0,Trevo de Rezende, 83, Coqueiros,PB,2002-04-15
Ana Julia Fogaça,103***.***.***-70,38.0,Área de Gonçalves, 31, Vila Real 2ª Seção,AM,1986-05-15
Clara Da Mata,354***.***.***-00,41.0,Aeroporto de Gomes, 936, Vila Santo Antônio,TO,1983-08-09
Fernanda Oliveira,102***.***.***-14,43.0,Trevo Correia, 72, Olhos D'água,SC,1981-10-30
Laura Das Neves,723***.***.***-29,25.0,Viaduto Vitor Gabriel Ferreira, 32, Minas Brasil,RR,1999-02-26
Lívia Teixeira,694***.***.***-29,40.0,Alameda Teixeira, 9, Vila São João Batista,PB,1984-05-09
Eloah Moreira,904***.***.***-00,90.0,Pátio de Nunes, 3, Vila Nova Dos Milionarios,PR,1934-06-08
Lívia Cardoso,619***.***.***-61,88.0,Campo de da Paz, Nova Vista, 48502-316 Costela / PE,TO,1936-05-14
Augusto Freitas,930***.***.***-01,63.0,Trevo Marcos Vinicius Jesus, 4, Alpes,PB,1961-08-23
Raquel Fernandes,467***.***.***-94,77.0,Parque de Teixeira, 132, Vila De Sá,DF,1947-05-24
Sr. Anthony Da Costa,614***.***.***-07,33.0,Área Lima, 7, Vila São Francisco,PI,1991-06-12
Murilo Melo,431***.***.***-80,23.0,Trecho Pires, 10, Nazare,AP,2001-11-21
Srta. Mirella Barbosa,430***.***.***-75,86.0,Pátio de da Rosa, Glória, 13351-045 Cardoso de Goiás / SE,MS,1939-01-31
Gabriela Das Neves,437***.***.***-65,41.0,Avenida Emilly Pereira, Distrito Industrial Do Jatoba, 55933377 Melo de Farias / AL,AC,1983-04-17
Bruno Da Cunha,259***.***.***-24,30.0,Quadra Costa, Bonsucesso, 67500713 da Rocha Alegre / MA,DF,1994-05-08
Alexandre Rodrigues,740***.***.***-85,58.0,Vale Rezende, 20, Juliana,AP,1966-07-07
Natália Rezende,784***.***.***-11,62.0,Sítio Nascimento, 64, São Lucas,PR,1962-04-30
Emilly Caldeira,732***.***.***-07,24.0,Estrada Eduardo Porto, 85, Boa Vista,AC,2000-05-28
Levi Azevedo,639***.***.***-91,86.0,Estação da Cruz, 13, Primeiro De Maio,MA,1939-02-05
Nicole Da Rocha,567***.***.***-90,24.0,Distrito Clara Viana, 41, Lajedo,SP,2000-10-07
Joana Moreira,435***.***.***-51,65.0,Viela de das Neves, 139, Novo Glória,PI,1959-08-18
Maria Eduarda Almeida,573***.***.***-56,72.0,Travessa de Barros, 4, Santa Helena,PE,1952-03-12
Marcela Da Cruz,876***.***.***-78,92.0,Viela Viana, 95, Santa Rita De Cássia,TO,1932-03-05
Helena Nunes,843***.***.***-42,87.0,Feira Vieira, 28, Vila São Dimas,RN,1937-08-16
Isaac Oliveira,209***.***.***-01,51.0,Rodovia Cardoso, 377, Santa Cecilia,RJ,1973-08-22
Manuela Pinto,094***.***.***-20,40.0,Praia Almeida, 6, Beira Linha,SC,1984-04-13
Bryan Ramos,681***.***.***-94,36.0,Aeroporto de da Rocha, 27, União,PB,1988-06-03
Sr. Enzo Gabriel Fernandes,769***.***.***-21,19.0,Rodovia Laís Nunes, 50, Vila Madre Gertrudes 2ª Seção,MG,2005-08-24
Brenda Ramos,269***.***.***-83,98.0,Rodovia de Souza, 416, Conjunto São Francisco De Assis,MG,1926-04-19
Yuri Rezende,564***.***.***-89,98.0,Praia Costa, 3, Vila Santo Antônio Barroquinha,MT,1926-04-17
Luiz Miguel Da Costa,630***.***.***-34,74.0,Via Porto, Conjunto Capitão Eduardo, 65105570 da Rosa dos Dourados / PR,SE,1950-03-09
Enzo Nogueira,187***.***.***-69,63.0,Campo Cauã Freitas, 66, Xangri-Lá,RO,1961-08-01
Davi Lucca Azevedo,035***.***.***-10,68.0,Condomínio Cunha, 74, Camponesa 2ª Seção,AM,1956-09-30
Luiz Otávio Fernandes,716***.***.***-85,70.0,Núcleo Pietro Barros, Vila Piratininga, 50655-157 Fernandes / PE,MG,1954-08-08
Thomas Correia,083***.***.***-66,78.0,Aeroporto Melo, 31, Conjunto Celso Machado,BA,1947-02-14
Davi Lucca Teixeira,647***.***.***-26,83.0,Condomínio de Lima, 66, Mirtes,RS,1941-11-16
Luiz Gustavo Ribeiro,149***.***.***-78,30.0,Pátio Davi Lucca Viana, 6, Gameleira,PB,1994-09-19
Pietra Da Mata,427***.***.***-08,67.0,Feira Gonçalves, 4, Vila Paquetá,MS,1957-05-27
Joaquim Azevedo,016***.***.***-16,69.0,Núcleo Viana, Conjunto Jatoba, 11680837 Moraes / RN,GO,1955-03-25
Sra. Agatha Melo,506***.***.***-60,27.0,Feira de Oliveira, 1, Mariquinhas,RR,1998-02-10
Maria Julia Lopes,613***.***.***-68,55.0,Campo Araújo, 10, Tiradentes,RO,1969-04-02
Dr. Marcelo Cardoso,862***.***.***-07,79.0,Lagoa Ana Sophia Oliveira, Pedreira Padro Lopes, 62532-432 Teixeira / RN,MA,1945-04-15
Catarina Moreira,207***.***.***-11,33.0,Jardim Sales, 42, Conjunto Minas Caixa,MG,1991-03-29
Heitor Vieira,089***.***.***-92,75.0,Morro Aragão, 796, Estrela,AM,1950-01-27
Luiz Fernando Da Luz,071***.***.***-01,74.0,Aeroporto Pietro Oliveira, 4, Parque São José,MG,1950-04-09
Sabrina Silva,216***.***.***-69,85.0,Rodovia Pedro Henrique Santos, 46, Lagoa,RS,1939-06-06
Luiz Henrique Martins,648***.***.***-82,46.0,Praia Ferreira, 17, Heliopolis,AL,1978-10-21
Catarina Carvalho,196***.***.***-10,47.0,Vila de Farias, 46, Minas Caixa,PE,1977-05-29
Ana Vitória Azevedo,529***.***.***-01,77.0,Campo Yasmin Moreira, 49, Funcionários,RO,1947-08-10
Thales Campos,412***.***.***-89,81.0,Avenida Lavínia Castro, 46, Marieta 2ª Seção,PB,1943-03-08
Thales Oliveira,369***.***.***-50,83.0,Condomínio Levi Almeida, Vila Nova Cachoeirinha 3ª Seção, 36960-943 Araújo / AM,GO,1941-06-24
Fernanda Cavalcanti,912***.***.***-51,71.0,Viela Isis Gomes, 43, Petropolis,AL,1953-11-28
Dr. João Gabriel Da Conceição,831***.***.***-00,47.0,Jardim Luiz Felipe Duarte, 1, Bela Vitoria,AM,1977-08-31
Noah Barros,310***.***.***-86,33.0,Jardim Almeida, 48, Belvedere,ES,1991-12-22
Dr. Felipe Novaes,685***.***.***-59,52.0,Pátio de Ribeiro, 16, Pindura Saia,ES,1972-10-29
Luiz Fernando Aragão,120***.***.***-01,20.0,Ladeira Mariane Santos, 7, Distrito Industrial Do Jatoba,DF,2004-09-15
Ana Júlia Cardoso,812***.***.***-76,83.0,Vila Silveira, 86, Gameleira,BA,1941-11-04
Marina Ramos,068***.***.***-10,61.0,Ladeira Duarte, 35, Urca,AM,1963-05-08
Dra. Joana Lopes,619***.***.***-11,58.0,Viaduto de Novaes, 952, Dom Cabral,SE,1966-06-26
Isabel Duarte,146***.***.***-87,58.0,Aeroporto Isaac da Conceição, 1, Vila Jardim Montanhes,AC,1966-12-27
Paulo Jesus,078***.***.***-92,54.0,Fazenda de Porto, 4, Santa Lúcia,RJ,1970-04-25
Laura Costa,540***.***.***-25,84.0,Distrito de Moraes, 56, Alto Vera Cruz,AL,1940-02-27
Sra. Milena Pinto,280***.***.***-24,64.0,Jardim Novaes, 13, Sion,PE,1960-02-29
Danilo Ribeiro,109***.***.***-80,68.0,Ladeira de da Conceição, 76, Venda Nova,MG,1956-06-20
Lívia Nunes,742***.***.***-23,49.0,Passarela de Porto, 65, Pousada Santo Antonio,BA,1975-03-14
Alícia Rodrigues,349***.***.***-16,52.0,Travessa de Farias, 9, Esplanada,GO,1972-08-26
Agatha Rezende,057***.***.***-79,95.0,Parque da Luz, 3, Grajaú,MA,1929-10-25
Juliana Santos,605***.***.***-59,94.0,Parque de Silveira, 6, São Jorge 3ª Seção,SE,1930-09-18
Maria Fernanda Da Conceição,408***.***.***-50,63.0,Campo Santos, 714, Alto Barroca,AM,1961-09-26
Daniela Barbosa,861***.***.***-64,36.0,Área de Moreira, 82, Das Industrias I,RR,1988-04-19
Arthur Pinto,562***.***.***-25,31.0,Viela Kamilly Cunha, Vista Do Sol, 09969992 Peixoto / SP,GO,1993-07-08
Emanuel Aragão,910***.***.***-57,42.0,Campo de da Cruz, 22, Conjunto São Francisco De Assis,SC,1982-09-04
Dra. Alice Vieira,936***.***.***-00,78.0,Rodovia Cunha, Das Industrias I, 80439-199 Aragão de Minas / MA,PA,1946-12-28
Maria Cecília Moreira,805***.***.***-71,66.0,Passarela João Pedro Nunes, 6, Vila Oeste,MS,1959-02-18
Sem nome,532***.***.***-41,74.0,Estação Alves, 8, Vila Petropolis,PE,1950-10-01
Maria Vitória Campos,380***.***.***-57,56.0,Viela da Costa, 16, Canadá,PE,1968-07-05
Isabel Da Conceição,819***.***.***-93,90.0,Vale Nogueira, 8, Bela Vitoria,CE,1934-11-12
Sem nome,013***.***.***-69,45.0,Parque Helena Pires, 852, Vila Jardim São José,RR,1979-09-06
Dr. Thomas Nunes,967***.***.***-46,82.0,Vereda da Mota, 37, Vila Da Luz,PI,1942-08-14
Lucca Moura,718***.***.***-35,38.0,Praia Bryan Martins, 8, Santa Amelia,PI,1986-12-20
Diogo Souza,169***.***.***-95,66.0,Largo Maysa Cavalcanti, 6, Vila Satélite,MG,1958-07-13
Juliana Costa,980***.***.***-39,54.0,Alameda de Campos, 32, Vila São Rafael,RN,1970-08-20
Eduarda Da Costa,739***.***.***-48,89.0,Jardim de Lima, 1, Das Industrias I,SE,1935-07-10
Alana Freitas,427***.***.***-73,51.0,Aeroporto Noah Jesus, Diamante, 89754-825 Martins / BA,MS,1973-07-15
Murilo Ramos,374***.***.***-00,98.0,Feira Jesus, 20, Aparecida 7ª Seção,PI,1927-01-02
Cecília Souza,294***.***.***-30,21.0,Campo Emanuelly Gonçalves, 51, Novo Glória,RO,2003-04-15
Raul Martins,187***.***.***-26,97.0,Alameda de Carvalho, 150, Saudade,PE,1927-10-17
Renan Cavalcanti,072***.***.***-77,70.0,Trevo Nina Pereira, 99, Álvaro Camargos,AM,1954-05-29
Sr. Diego Pires,842***.***.***-41,35.0,Morro Eduarda Farias, 92, Aarão Reis,SE,1989-10-25
Sofia Da Rocha,719***.***.***-03,58.0,Vale Davi Luiz Dias, 709, Vila Oeste,SC,1966-10-08
Lorenzo Dias,271***.***.***-04,99.0,Favela Elisa Barbosa, 521, Jardim Vitoria,PR,1925-09-08
Sr. Vitor Souza,426***.***.***-83,74.0,Aeroporto Laura Gonçalves, 7, Vila Vista Alegre,AL,1950-11-04
Vitor Gabriel Cardoso,354***.***.***-50,31.0,Setor de da Luz, 81, São Cristóvão,TO,1993-10-14
Pedro Rodrigues,790***.***.***-20,99.0,Trevo de Moreira, 63, Araguaia,AC,1925-07-17
Eduarda Teixeira,745***.***.***-17,77.0,Ladeira Peixoto, 85, São Marcos,TO,1947-07-26
Daniel Oliveira,753***.***.***-08,35.0,Colônia Maitê Cardoso, Copacabana, 07346251 Pereira de Minas / DF,GO,1989-09-09
Isadora Nogueira,129***.***.***-05,30.0,Praia de Campos, 94, Candelaria,BA,1994-10-29
Sr. Fernando Moraes,768***.***.***-95,97.0,Área Moreira, 8, Grajaú,PI,1927-08-06
Luiza Araújo,246***.***.***-10,70.0,Jardim de Dias, Mirtes, 61141993 Lima do Galho / CE,PB,1954-03-28
Maria Luiza Pires,620***.***.***-67,47.0,Viela de Gonçalves, 79, Vila Havaí,PA,1977-08-23
João Lucas Das Neves,974***.***.***-49,49.0,Campo de Nascimento, 5, Serra Do Curral,PR,1975-03-17
Vitor Gabriel Carvalho,387***.***.***-92,87.0,Viaduto Farias, 15, Sagrada Família,GO,1937-08-14
Henrique Sales,196***.***.***-39,58.0,Jardim Cavalcanti, 94, Petropolis,RJ,1966-05-21
Henrique Ferreira,360***.***.***-07,30.0,Lago de Lopes, 6, Floramar,AC,1994-10-25
Dra. Raquel Da Mota,263***.***.***-78,34.0,Aeroporto de Fogaça, 29, Santa Sofia,DF,1991-01-02
Levi Melo,513***.***.***-09,36.0,Travessa de da Luz, 42, Vila Nova Paraíso,Sem endereco,1988-05-03
Ana Luiza Gomes,287***.***.***-12,33.0,Estação de da Costa, 211, Pilar,PB,1991-08-14
Isaac Fernandes,572***.***.***-07,78.0,Recanto Rodrigues, 80, Minas Caixa,DF,1946-04-26
Leandro Fernandes,018***.***.***-15,66.0,Praia Daniel Barbosa, 847, Silveira,AL,1958-10-19
Dr. Breno Sales,135***.***.***-42,78.0,Estação Miguel Rodrigues, Coração De Jesus, 28628-790 Monteiro do Sul / AL,AC,1946-05-08
Rafael Araújo,481***.***.***-17,85.0,Trevo Sofia Moreira, 67, Alta Tensão 1ª Seção,ES,1939-09-25
Eduardo Da Costa,043***.***.***-31,74.0,Quadra de Alves, 729, Camponesa 2ª Seção,MS,1950-06-14
Dra. Larissa Fernandes,562***.***.***-00,98.0,Aeroporto Jesus, 2, São Francisco,SE,1926-07-18
Milena Da Rocha,864***.***.***-49,81.0,Alameda Araújo, 53, Piratininga,RN,1944-01-20
Eduarda Aragão,362***.***.***-90,77.0,Viela de Sales, 68, Nova Esperança,MS,1947-10-07
Sr. Ian Barbosa,149***.***.***-70,67.0,Morro Ryan da Luz, 43, Vila Nova Gameleira 2ª Seção,CE,1957-10-27
Ian Cardoso,731***.***.***-78,84.0,Área Ferreira, Jardim Montanhês, 48456-726 Rodrigues / AP,RS,1940-04-23
Vitor Gabriel Ferreira,916***.***.***-01,54.0,Conjunto Farias, 36, Silveira,PI,1970-10-29
Rodrigo Melo,982***.***.***-89,44.0,Praia Marina da Rosa, São Jorge 3ª Seção, 85701195 Azevedo / AC,CE,1980-07-04
Anthony Rezende,831***.***.***-66,94.0,Via de Viana, 68, Beija Flor,SP,1930-07-16
Sra. Bianca Farias,783***.***.***-26,33.0,Viela Campos, 2, Anchieta,AC,1991-10-30
João Carvalho,298***.***.***-50,92.0,Vereda de Aragão, 15, Horto,RN,1932-10-22
Benício Da Costa,783***.***.***-07,29.0,Vereda de Souza, 13, Europa,AC,1995-07-03
Yuri Alves,896***.***.***-03,87.0,Colônia da Costa, 7, Ouro Minas,CE,1937-10-16
Gabriela Da Rosa,210***.***.***-31,77.0,Vale de Caldeira, 8, Ribeiro De Abreu,SC,1947-12-18
Eduarda Da Conceição,238***.***.***-00,,Praia de Silva, 91, João Pinheiro,ES,1925-01-09
Vicente Aragão,875***.***.***-88,97.0,Avenida da Luz, Vila Inestan, 75092-067 Pinto de Nascimento / AL,DF,1927-11-03
Srta. Sabrina Teixeira,682***.***.***-89,88.0,Estrada de da Rosa, 69, Jonas Veiga,RJ,1936-06-01
Antônio Santos,198***.***.***-03,86.0,Morro da Rocha, 84, Tirol,PE,1938-09-14
Dr. Lucca Pinto,526***.***.***-09,22.0,Estrada Sabrina Freitas, 40, Acaba Mundo,MS,2002-10-26
Emilly Vieira,924***.***.***-33,72.0,Recanto Miguel Moraes, 45, Penha,MT,1952-11-01
Dr. Gabriel Da Mata,701***.***.***-69,59.0,Feira de Farias, 28, Horto,AC,1965-02-28
Emanuella Azevedo,406***.***.***-01,70.0,Sítio Moura, 50, Ápia,BA,1954-11-23
Ana Julia Rocha,618***.***.***-60,48.0,Trevo Davi Lucca da Cruz, 72, Boa União 1ª Seção,TO,1976-08-18
Milena Castro,482***.***.***-82,61.0,Chácara da Mota, 218, Conjunto Floramar,PE,1964-02-06
Lavínia Peixoto,204***.***.***-50,73.0,Feira Martins, 78, Estrela Do Oriente,DF,1951-11-08
Enzo Gabriel Gomes,893***.***.***-40,29.0,Setor Luiz Henrique Monteiro, 4, Madri,DF,1995-12-20
Laura Fogaça,196***.***.***-80,35.0,Chácara de da Mota, 4, Pompéia,AL,1989-12-12
Sr. Vitor Da Mata,062***.***.***-78,61.0,Sem endereco,,,RS,1963-10-06
Sophie Pinto,023***.***.***-40,30.0,Residencial Noah Mendes, Vila Atila De Paiva, 80740422 Vieira das Pedras / SC,RO,1995-01-27
Sr. Kaique Peixoto,726***.***.***-47,62.0,Fazenda Moraes, 80, Vila Vista Alegre,SC,1962-03-20
Luiz Henrique Mendes,248***.***.***-76,91.0,Travessa Leandro da Mata, 898, Vila Sesc,PA,1934-01-18
Sr. Felipe Barros,569***.***.***-57,49.0,Área Raquel Moura, 8, Mangabeiras,Sem endereco,1975-04-08
Ana Beatriz Pereira,798***.***.***-01,55.0,Condomínio de Santos, Jaraguá, 26568-369 da Paz / MG,SC,1970-01-01
Sr. Rafael Silva,238***.***.***-15,27.0,Estação Lara Almeida, 67, Sagrada Família,MA,1997-04-26
Dra. Olivia Mendes,189***.***.***-05,91.0,Residencial de Mendes, Jardim Guanabara, 59537-246 Fernandes do Galho / RR,SE,1933-10-10
Eduardo Sales,052***.***.***-74,40.0,Aeroporto Emanuel Barros, 4, Tres Marias,PE,1984-12-11
André Rodrigues,375***.***.***-91,74.0,Trecho Gomes, 3, Barreiro,PI,1951-02-18
Sophia Cavalcanti,092***.***.***-56,92.0,Alameda Paulo da Cruz, 70, Vila Madre Gertrudes 3ª Seção,AM,1932-05-25
Carolina Sales,519***.***.***-40,33.0,Residencial Pinto, 95, Etelvina Carneiro,BA,1992-02-06
Lucas Monteiro,654***.***.***-37,77.0,Lagoa de Silveira, 91, Trevo,MA,1947-06-29
João Felipe Dias,850***.***.***-42,52.0,Condomínio Moura, 504, Santa Helena,SE,1972-04-03
Dr. Ian Fogaça,248***.***.***-32,94.0,Distrito de Cavalcanti, Vila Barragem Santa Lúcia, 47512-712 Peixoto / RJ,TO,1931-01-25
Lorena Barros,785***.***.***-10,84.0,Favela Letícia Jesus, 34, Novo Ouro Preto,AL,1940-04-24
Sra. Ana Clara Teixeira,760***.***.***-59,50.0,Feira de da Conceição, 796, Mangabeiras,RR,1974-11-23
Natália Monteiro,481***.***.***-60,82.0,Morro de Ramos, Conjunto Taquaril, 44747-230 da Luz de da Rocha / AM,RS,1942-10-22
Eduarda Duarte,893***.***.***-30,21.0,Quadra Lopes, 69, Vila Da Paz,AC,2003-10-10
Larissa Carvalho,632***.***.***-37,92.0,Jardim de Carvalho, 5, Santo André,RR,1932-05-21
Lara Moraes,549***.***.***-09,19.0,Vereda Araújo, 18, Garças,PR,2005-09-02
Sophie Da Rosa,254***.***.***-50,98.0,Pátio Fernandes, 59, Vila Ouro Minas,SP,1926-10-06
Olivia Martins,391***.***.***-39,83.0,Jardim Vinicius Caldeira, 28, Jonas Veiga,CE,1941-04-13
Thomas Barros,105***.***.***-12,73.0,Passarela de Araújo, 123, Andiroba,GO,1951-07-31
Davi Luiz Azevedo,478***.***.***-31,60.0,Rodovia Eduarda Ramos, 87, Engenho Nogueira,SP,1964-11-30
Danilo Santos,297***.***.***-55,98.0,Viela Ana Júlia Fernandes, 25, Pirineus,PA,1926-12-17
Sr. Enzo Porto,496***.***.***-67,99.0,Vereda Cauê Barbosa, 141, Conjunto Providencia,MT,1925-04-20
Bianca Alves,304***.***.***-57,68.0,Campo Rodrigues, 351, Brasil Industrial,SC,1956-11-22
Alexia Das Neves,267***.***.***-00,86.0,Residencial de Sales, 5, Vila Cloris,RO,1938-04-16
Esther Campos,523***.***.***-53,59.0,Área de Castro, 108, Nova Vista,SP,1965-07-25
Ana Júlia Freitas,584***.***.***-17,59.0,Estrada Fernanda Jesus, 2, Santa Margarida,GO,1965-06-28
Maria Vitória Da Mata,826***.***.***-76,58.0,Lagoa Pietro da Cruz, 524, Vila Santa Monica 2ª Seção,PA,1967-01-02
Ryan Da Mata,172***.***.***-80,21.0,Rodovia de Porto, 90, Marieta 2ª Seção,AL,2003-06-17
Emilly Ribeiro,584***.***.***-05,22.0,Parque de Gomes, 71, Mala E Cuia,RN,2002-03-16
Bernardo Pinto,217***.***.***-12,95.0,Esplanada de Moura, 30, Vila Petropolis,PE,1929-10-07
Nicole Peixoto,829***.***.***-89,68.0,Distrito Moraes, Indaiá, 48826-926 Fernandes / MS,MG,1956-12-02
Isaac Da Conceição,867***.***.***-85,76.0,Lago da Luz, 59, Suzana,GO,1948-11-10
Davi Lucca Santos,571***.***.***-73,63.0,Favela Beatriz da Costa, 77, Antonio Ribeiro De Abreu 1ª Seção,RJ,1962-01-22
Paulo Lopes,186***.***.***-11,68.0,Passarela Davi Lucca Lopes, 37, Ernesto Nascimento,MA,1956-05-05
Sophie Vieira,938***.***.***-83,37.0,Vereda de da Mota, 564, Jaqueline,PI,1987-06-09
Rodrigo Da Cruz,648***.***.***-11,52.0,Favela Costa, 372, Serra,SP,1973-01-20
Sr. Samuel Barbosa,903***.***.***-23,31.0,Distrito Jesus, 34, Vila Rica,AM,1993-12-08
Dr. Cauê Ramos,109***.***.***-34,71.0,Viela de Castro, 27, Álvaro Camargos,RO,1953-07-26
Bruno Jesus,354***.***.***-42,27.0,Campo Moreira, 48, Tirol,ES,1997-03-19
Lívia Correia,843***.***.***-65,53.0,Favela de da Rocha, 6, Carlos Prates,MT,1972-01-20
Enrico Da Rocha,241***.***.***-05,27.0,Condomínio Maria Julia Cavalcanti, Vila São Dimas, 11528497 Moraes / PA,PE,1997-08-11
Rafaela Aragão,269***.***.***-22,74.0,Chácara Maria Fernanda Castro, Marajó, 14151560 Cardoso / PB,SP,1950-06-18
Dr. Marcos Vinicius Farias,475***.***.***-80,89.0,Ladeira Castro, Jardim São José, 72626-905 da Cruz Alegre / MA,PE,1936-01-19
Larissa Lopes,015***.***.***-12,78.0,Largo Cavalcanti, 96, Floramar,PE,1946-03-27
Isadora Carvalho,917***.***.***-13,,Pátio de da Paz, 57, São João,SP,1924-09-06
Sr. Vitor Da Rocha,234***.***.***-51,78.0,Recanto de Novaes, 32, Serra Do Curral,RJ,1946-05-21
Isadora Pereira,501***.***.***-06,93.0,Jardim Stella da Costa, 91, Pompéia,MT,1932-01-08
Dr. Bernardo Da Cunha,147***.***.***-79,51.0,Residencial Marina Azevedo, 89, Lagoinha Leblon,PB,1973-10-24
Gabrielly Mendes,954***.***.***-50,47.0,Praça João Rezende, 30, Céu Azul,RR,1977-04-13
Sr. Bruno Da Mata,473***.***.***-99,94.0,Chácara Alice Ferreira, 678, Vila Calafate,GO,1930-03-18
Breno Rocha,237***.***.***-52,60.0,Estação de Rodrigues, Tres Marias, 70341-376 Martins das Pedras / PA,SE,1964-05-01
Luigi Ferreira,148***.***.***-19,70.0,Trevo Vieira, Nossa Senhora Aparecida, 77209-204 Silveira / AP,MT,1954-08-11
Davi Lucca Da Cruz,862***.***.***-78,72.0,Sítio de Novaes, 75, Vila São Dimas,AL,1952-08-19
Henrique Almeida,824***.***.***-31,60.0,Área da Costa, 29, Dona Clara,CE,1964-10-26
Dr. Vitor Hugo Caldeira,943***.***.***-42,37.0,Feira da Costa, 17, Vila Dos Anjos,GO,1988-01-29
Alexia Souza,348***.***.***-48,71.0,Lagoa Alves, 97, Buritis,PI,1953-09-20
Luiza Azevedo,683***.***.***-92,74.0,Recanto Elisa da Mota, 8, Alípio De Melo,RO,1950-10-15
Dr. Kaique Da Mota,143***.***.***-60,92.0,Setor Vinicius Moraes, 475, Nossa Senhora Aparecida,MG,1932-10-03
Laura Lima,051***.***.***-41,83.0,Área Oliveira, 91, São Paulo,BA,1941-07-19
Raul Rodrigues,039***.***.***-05,55.0,Aeroporto da Rocha, 499, Estrela,BA,1969-03-10
Joaquim Melo,305***.***.***-21,92.0,Ladeira Ribeiro, 6, Vila Santo Antônio,PE,1932-11-23
Benjamin Cardoso,054***.***.***-44,81.0,Trevo da Cunha, 2, São Bento,MA,1943-09-08
João Miguel Lopes,741***.***.***-26,34.0,Via de Nunes, 63, Olaria,AL,1990-05-07
Letícia Da Mota,587***.***.***-02,24.0,Travessa de Lopes, 205, Mariano De Abreu,SE,2000-02-26
Levi Da Rocha,840***.***.***-92,41.0,Via Brenda Cunha, 49, Vila Da Ária,RN,1983-10-09
Lorena Caldeira,625***.***.***-60,54.0,Praça Ana Luiza Fernandes, 5, Conjunto Jatoba,MT,1971-02-02
Cauê Nogueira,473***.***.***-64,97.0,Recanto Melo, Conjunto Providencia, 67379023 Sales Grande / ES,PB,1927-08-30
Sra. Yasmin Ferreira,805***.***.***-68,86.0,Lago de da Cunha, 6, Custodinha,RJ,1938-08-29
Nicole Almeida,529***.***.***-79,90.0,Chácara João Gabriel Nogueira, Goiania, 01170-828 Farias da Prata / MG,BA,1934-03-05
Fernando Pereira,560***.***.***-59,47.0,Trecho de Rodrigues, 659, Alto Das Antenas,MT,1977-03-11
Breno Pereira,916***.***.***-91,29.0,Residencial Gabriela Azevedo, 35, Vila Rica,SE,1995-08-09
Clara Dias,190***.***.***-50,39.0,Conjunto da Conceição, 39, Outro,MT,1985-11-16
Dra. Milena Vieira,237***.***.***-87,70.0,Campo Camila das Neves, 14, Granja De Freitas,PA,1954-09-16
Vitor Gabriel Porto,394***.***.***-43,87.0,Residencial Luiza Correia, 598, Savassi,AL,1937-06-14
Sr. Erick Da Rosa,971***.***.***-84,26.0,Núcleo de Caldeira, Vila São João Batista, 94501805 da Cruz de Duarte / AL,MG,1998-12-14
Marcos Vinicius Da Cunha,709***.***.***-04,33.0,Lagoa de Rodrigues, 23, Vila Nova,RN,1991-07-25
Sra. Nina Pires,651***.***.***-26,45.0,Viela Eloah Cunha, 42, Vila Suzana Primeira Seção,SP,1979-09-23
Felipe Ribeiro,259***.***.***-60,78.0,Núcleo Maria Julia Cunha, 21, Vila Santa Rosa,MT,1946-10-24
Maria Julia Porto,864***.***.***-07,36.0,Alameda Nascimento, Vila Suzana Primeira Seção, 96587270 da Luz / GO,AL,1989-01-18
Pedro Cardoso,125***.***.***-50,36.0,Travessa de da Rosa, 86, Itaipu,PB,1988-05-28
Rebeca Da Paz,047***.***.***-66,58.0,Sítio de Costa, 5, Pantanal,PR,1966-04-11
Enrico Gonçalves,637***.***.***-46,85.0,Campo Bernardo Barros, Conjunto São Francisco De Assis, 33001-880 Ramos / MG,SP,1940-01-24
Murilo Campos,031***.***.***-22,98.0,Recanto Silva, João Paulo Ii, 63796-922 da Cunha / SP,AC,1926-09-20
Olivia Porto,608***.***.***-65,39.0,Conjunto Almeida, 3, Bela Vitoria,RS,1985-12-23
Mirella Da Conceição,854***.***.***-05,40.0,Pátio João Lucas Cardoso, 77, Maria Tereza,SC,1984-11-21
Stephany Cardoso,453***.***.***-46,90.0,Praia Luiz Gustavo da Luz, 83, São João Batista,BA,1934-06-09
Sr. Enrico Melo,829***.***.***-89,,Esplanada Farias, 252, Caetano Furquim,PI,1924-09-05
Dr. Gabriel Souza,432***.***.***-52,24.0,Rodovia de Costela, 116, São Geraldo,PE,2000-06-21
Davi Jesus,914***.***.***-70,52.0,Quadra Vieira, 230, Cdi Jatoba,BA,1972-11-27
Guilherme Freitas,517***.***.***-07,44.0,Trecho de Caldeira, 369, Santa Sofia,SC,1980-07-12
Theo Costa,705***.***.***-49,82.0,Largo João Santos, 10, Vila Batik,RO,1942-07-20
Dr. Gustavo Henrique Das Neves,430***.***.***-00,99.0,Setor Juliana Fogaça, 605, Piraja,MS,1925-11-26
Maria Luiza Gomes,821***.***.***-53,80.0,Área Ana Vitória Martins, 56, Xodo-Marize,SE,1944-11-02
Davi Lucas Peixoto,610***.***.***-07,37.0,Área Thomas Moraes, 58, Canaa,AC,1987-04-07
Bruna Almeida,610***.***.***-57,72.0,Chácara Mendes, 64, Varzea Da Palma,RN,1952-03-26
Juliana Ramos,846***.***.***-05,21.0,Vale de Duarte, 5, Horto Florestal,DF,2003-07-11
Sarah Nascimento,560***.***.***-99,78.0,Alameda das Neves, 1, Planalto,AC,1946-06-30
Brenda Da Luz,037***.***.***-22,74.0,Viela Danilo Farias, 54, Lagoa,MS,1950-03-11
Heloísa Da Costa,648***.***.***-19,81.0,Favela Correia, 6, Vila Dos Anjos,MS,1943-08-12
Emanuella Araújo,758***.***.***-82,64.0,Rodovia Maria Julia Peixoto, Jardim Guanabara, 02953-469 Almeida / AC,PI,1960-02-21
Vitor Viana,036***.***.***-34,66.0,Trecho de Oliveira, 41, Urca,TO,1958-04-13
Yago Lopes,720***.***.***-59,76.0,Lagoa Danilo Fogaça, 756, Nova Gameleira,PR,1948-05-05
Lívia Souza,308***.***.***-50,36.0,Colônia de Correia, 93, Laranjeiras,TO,1988-09-11
Gabriela Cavalcanti,359***.***.***-41,57.0,Setor Oliveira, 4, São José,MS,1967-04-05
Enzo Nogueira,309***.***.***-00,83.0,Morro de Ferreira, Vila São João Batista, 46105897 Moreira Verde / MG,PI,1942-01-30
Dr. Ian Barbosa,412***.***.***-03,91.0,Alameda Eduardo Barros, 60, Gameleira,PI,1933-04-10
Gabriela Rocha,348***.***.***-35,35.0,Área Joaquim Nogueira, 98, Pedreira Padro Lopes,RN,1989-11-17
Maria Julia Martins,576***.***.***-12,82.0,Loteamento de Nunes, 83, Jatobá,MG,1942-11-12
Dra. Marina Santos,950***.***.***-02,58.0,Viela Alana Souza, 456, União,RS,1966-04-11
Heloísa Teixeira,635***.***.***-07,88.0,Viela de da Cruz, 61, Bonsucesso,GO,1936-05-23
Paulo Farias,593***.***.***-15,73.0,Esplanada Thomas Pires, 33, Providencia,SP,1951-11-18
Gabrielly Cardoso,127***.***.***-43,96.0,Estrada da Cruz, Aparecida, 12482-253 Alves / AP,AC,1928-07-26
Davi Aragão,598***.***.***-20,36.0,Residencial de Cardoso, 66, Vila Santo Antônio,PR,1988-09-24
Yago Peixoto,380***.***.***-05,96.0,Condomínio de Nunes, 436, Vila Betânia,PB,1929-02-12
Erick Da Conceição,983***.***.***-83,61.0,Morro Nunes, 657, Ipe,MG,1963-08-25
Isis Araújo,216***.***.***-13,70.0,Praia de Campos, 82, Vila Oeste,AP,1954-06-08
Dr. Nicolas Rezende,460***.***.***-49,42.0,Esplanada Marcela Castro, 36, Flavio De Oliveira,PB,1982-07-01
Sr. Samuel Nascimento,914***.***.***-24,66.0,Setor Luana Ramos, Nova Pampulha, 49464321 Melo da Prata / AC,SE,1958-12-09
Sra. Maria Fernanda Barbosa,718***.***.***-03,90.0,Esplanada Pedro Nascimento, 71, Vila São Paulo,PA,1934-11-02
Luiz Felipe Farias,069***.***.***-74,81.0,Favela Kaique Fogaça, 19, Castelo,PA,1943-04-26
Sr. Calebe Silva,402***.***.***-49,62.0,Rodovia de Castro, Santa Branca, 68988668 Carvalho do Norte / ES,GO,1962-05-24
Emanuella Gonçalves,107***.***.***-02,70.0,Sem endereco,,,GO,1954-07-17
Augusto Oliveira,246***.***.***-17,32.0,Colônia Costa, 81, Vera Cruz,GO,1992-02-27
Pedro Azevedo,953***.***.***-65,68.0,Vale Vieira, 49, Comiteco,MA,1956-03-02
Sra. Maria Luiza Fogaça,650***.***.***-06,68.0,Recanto de Moreira, 426, Santo Agostinho,AP,1956-12-12
Eduarda Oliveira,365***.***.***-83,59.0,Sítio Clarice Sales, 99, Silveira,SE,1965-09-27
Paulo Ramos,490***.***.***-43,22.0,Sítio Azevedo, Vila Mantiqueira, 13648723 Novaes de da Mota / DF,MT,2002-11-13
Beatriz Pires,275***.***.***-21,34.0,Recanto de Castro, Centro, 11181216 Nogueira / MA,MG,1990-03-11
Fernando Azevedo,790***.***.***-99,29.0,Estação Rafael Nunes, 90, Jardim São José,DF,1995-05-19
Eloah Silva,037***.***.***-61,89.0,Viela da Rocha, 160, Barão Homem De Melo 2ª Seção,PE,1935-03-30
Caio Araújo,407***.***.***-14,35.0,Morro Ribeiro, 11, Casa Branca,AM,1989-12-18
Sra. Valentina Sales,269***.***.***-31,85.0,Sítio Ramos, 73, Cachoeirinha,PR,1939-08-08
Melissa Cunha,719***.***.***-73,26.0,Ladeira Luiza Pinto, 9, Conjunto Minas Caixa,PE,1999-02-17
Laís Da Paz,139***.***.***-33,98.0,Lagoa Cavalcanti, 12, Vila Ecológica,BA,1927-01-09
Heitor Silveira,183***.***.***-89,90.0,Avenida Azevedo, Santa Maria, 65167615 Souza de Aragão / MA,AC,1935-02-19
Fernanda Moraes,064***.***.***-44,45.0,Avenida Rocha, 13, Alta Tensão 2ª Seção,RR,1979-03-18
Alana Souza,801***.***.***-42,51.0,Praia Moreira, 1, Cardoso,PI,1973-12-06
Srta. Caroline Da Rosa,192***.***.***-98,52.0,Passarela Rocha, 96, Buraco Quente,CE,1972-05-26
Stephany Vieira,682***.***.***-22,47.0,Travessa Guilherme Carvalho, 7, Jonas Veiga,TO,1977-05-22
Enzo Barros,794***.***.***-16,68.0,Estação Fernandes, 85, Nova Floresta,MG,1957-01-13
Caroline Peixoto,036***.***.***-30,67.0,Loteamento Thales Pires, 51, Vila União,SE,1957-11-02
Maria Vitória Novaes,804***.***.***-58,40.0,Via Vieira, 26, Ouro Preto,RR,1984-08-08
Bruna Moura,240***.***.***-06,95.0,Quadra Amanda Martins, 4, Universo,RS,1930-02-13
Maitê Peixoto,501***.***.***-58,62.0,Distrito Caldeira, 95, Serra,RN,1962-04-07
Dr. Anthony Barbosa,749***.***.***-20,20.0,Distrito de Fogaça, 13, Pompéia,MG,2004-03-18
Alexandre Jesus,269***.***.***-34,69.0,Aeroporto de Fogaça, 74, Vila Santa Monica 2ª Seção,PI,1955-03-01
Marcos Vinicius Campos,421***.***.***-22,46.0,Trecho de Barbosa, 7, São José,DF,1978-11-19
João Miguel Moura,371***.***.***-05,,Praça de Costela, 38, Renascença,RR,1894-07-21
Ana Júlia Cardoso,096***.***.***-00,,Praia da Mata, 88, Vila Piratininga Venda Nova,BA,1917-10-02
Stella Rodrigues,870***.***.***-92,,Loteamento Maria Alice Costela, 63, Santa Maria,TO,1897-10-11
Rebeca Da Rosa,640***.***.***-22,12.0,Trecho da Mata, Barroca, 57152686 da Mata do Oeste / SC,SE,2013-01-01
Henrique Monteiro,378***.***.***-73,6.0,Largo Theo Silva, 91, Nossa Senhora Da Conceição,ES,2018-03-09
Ana Beatriz Teixeira,243***.***.***-17,,Viaduto Ferreira, 22, Goiania,PI,1916-03-14
Luigi Da Rosa,316***.***.***-87,6.0,Pátio de Rocha, 4, Cinquentenário,RN,2018-08-23
Melissa Dias,170***.***.***-05,10.0,Quadra Isabel Castro, 40, Biquinhas,SP,2014-02-21
Beatriz Nunes,483***.***.***-44,,Praça das Neves, 274, São Jorge 3ª Seção,RS,1894-05-24
Raquel Campos,213***.***.***-13,,Estação Ana Lívia Farias, 3, Vila Santa Rosa,SE,1899-08-19
Alícia Nascimento,578***.***.***-59,,Aeroporto Alícia Vieira, 84, Comiteco,RO,1913-03-27
Maria Julia Vieira,495***.***.***-67,,Vale Oliveira, 15, Gameleira,MT,1905-03-20
Igor Ramos,695***.***.***-77,7.0,Lago de Caldeira, 4, Beija Flor,PE,2017-06-29
Alice Cardoso,123***.***.***-09,5.0,Viaduto Araújo, 76, São Bento,BA,2019-10-14
Julia Das Neves,201***.***.***-32,,Praça Maria Sophia da Cunha, 71, Vila Batik,PE,1901-06-30
Kamilly Rezende,470***.***.***-74,,Setor de Pires, 39, Conjunto Jatoba,MG,1883-06-04
Breno Freitas,205***.***.***-41,16.0,Loteamento de Ferreira, 24, Nova Suíça,AM,2008-03-03
Ana Lívia Da Paz,347***.***.***-69,18.0,Ladeira Gomes, 10, Califórnia,DF,2006-09-01
Sr. Daniel Cavalcanti,609***.***.***-33,7.0,Núcleo de da Paz, 894, Sion,MA,2018-01-09
Sr. Pedro Cavalcanti,863***.***.***-84,2.0,Recanto de Melo, Nossa Senhora Do Rosário, 07870886 Monteiro / BA,MT,2022-12-20
Aaaaaaaaaaaaaaaaaaaaaaaaaaaaaaaaaaaaaaaaaaaaaaaaaaaaaa,930***.***.***-38,39.0,Colônia da Rocha, 31, Jardim América,AL,1985-10-14
Aaaaaaaaaaaaaaaaaaaaaaaaaaaaaaaaaaaaaaaaaaaaaaaaaaaaaa,146***.***.***-00,94.0,Estrada Nogueira, 21, Atila De Paiva,MS,1930-08-27
Renan Da Luz,294***.***.***-23,75.0,Rua não cadastrada, Bairro não cadastrado, 00000000 Cidade não cadastrada / PR,SP,1949-07-29
Caroline Costa,401***.***.***-88,22.0,Rua não cadastrada, Bairro não cadastrado, 00000000 Cidade não cadastrada / RS,PE,2003-02-20
Giovanna Farias,241***.***.***-35,41.0,Rua não cadastrada, Bairro não cadastrado, 00000000 Cidade não cadastrada / RJ,RS,1983-08-14
Maitê Araújo,496***.***.***-55,53.0,Rua não cadastrada, Bairro não cadastrado, 00000000 Cidade não cadastrada / RS,PI,1971-07-10
Lavínia Da Mota,039***.***.***-00,22.0,Rua não cadastrada, Bairro não cadastrado, 00000000 Cidade não cadastrada / ES,RR,2003-01-31
Igor Cardoso,345***.***.***-05,50.0,Rua não cadastrada, Bairro não cadastrado, 00000000 Cidade não cadastrada / AM,PB,1975-01-25
Maria Julia Campos,018***.***.***-13,99.0,Rua não cadastrada, Bairro não cadastrado, 00000000 Cidade não cadastrada / MG,TO,1925-08-08
Marcos Vinicius Das Neves,617***.***.***-02,86.0,Rua não cadastrada, Bairro não cadastrado, 00000000 Cidade não cadastrada / RO,SP,1938-03-23
Isabel Barbosa,986***.***.***-02,27.0,Rua não cadastrada, Bairro não cadastrado, 00000000 Cidade não cadastrada / MG,CE,1997-12-17
Ryan Gomes,861***.***.***-60,58.0,Rua não cadastrada, Bairro não cadastrado, 00000000 Cidade não cadastrada / SP,AC,1966-05-17
Breno Duarte,463***.***.***-98,67.0,Rua não cadastrada, Bairro não cadastrado, 00000000 Cidade não cadastrada / TO,RJ,1957-10-07
Eloah Peixoto,064***.***.***-16,80.0,Rua não cadastrada, Bairro não cadastrado, 00000000 Cidade não cadastrada / MG,SE,1944-05-23
Luiza Sales,726***.***.***-80,56.0,Rua não cadastrada, Bairro não cadastrado, 00000000 Cidade não cadastrada / GO,RS,1968-05-01
Dr. Alexandre Sales,427***.***.***-40,88.0,Rua não cadastrada, Bairro não cadastrado, 00000000 Cidade não cadastrada / SP,SP,1936-06-05
Alícia Campos,162***.***.***-94,49.0,Rua não cadastrada, Bairro não cadastrado, 00000000 Cidade não cadastrada / GO,PI,1975-03-20
Luigi Porto,826***.***.***-83,44.0,Parque de Santos, 88, São João,ES,1980-08-18
